id, consumer_id, product_id, amount
1, 1, 28, 7
2, 2, 57, 24
3, 3, 5, 5
4, 3, 44, 2
5, 3, 26, 19
6, 3, 17, 2
7, 3, 28, 0
8, 3, 1, 25
9, 4, 62, 24
10, 4, 31, 16
11, 4, 22, 29
12, 4, 69, 9
13, 5, 10, 0
14, 5, 54, 18
15, 6, 62, 12
16, 6, 27, 11
17, 6, 17, 9
18, 6, 52, 3
19, 6, 42, 17
20, 7, 48, 26
21, 7, 9, 7
22, 7, 15, 19
23, 7, 47, 2
24, 7, 32, 15
25, 8, 35, 24
26, 8, 36, 18
27, 8, 8, 12
28, 8, 1, 3
29, 8, 69, 23
30, 8, 48, 6
31, 9, 6, 12
32, 9, 69, 20
33, 9, 69, 2
34, 9, 19, 24
35, 10, 47, 25
36, 10, 16, 29
37, 11, 61, 24
38, 11, 1, 19
39, 11, 12, 9
40, 12, 64, 19
41, 12, 29, 7
42, 13, 29, 4
43, 13, 25, 14
44, 13, 47, 5
45, 14, 23, 4
46, 14, 57, 17
47, 14, 61, 20
48, 14, 19, 22
49, 14, 43, 12
50, 15, 42, 4
51, 15, 64, 10
52, 15, 7, 24
53, 15, 66, 6
54, 15, 68, 3
55, 16, 55, 7
56, 16, 70, 22
57, 16, 30, 29
58, 17, 38, 6
59, 17, 61, 9
60, 18, 31, 29
61, 19, 10, 15
62, 19, 17, 18
63, 19, 8, 1
64, 19, 16, 21
65, 19, 11, 0
66, 19, 10, 6
67, 20, 42, 15
68, 20, 24, 6
69, 20, 8, 12
70, 20, 14, 20
71, 20, 23, 6
72, 20, 59, 26
73, 20, 31, 12
74, 21, 13, 14
75, 21, 41, 22
76, 21, 33, 7
77, 21, 62, 12
78, 21, 5, 15
79, 21, 23, 1
80, 21, 2, 2
81, 22, 44, 27
82, 22, 14, 2
83, 22, 47, 10
84, 23, 4, 26
85, 23, 37, 3
86, 23, 27, 15
87, 23, 12, 17
88, 23, 42, 16
89, 23, 38, 0
90, 23, 67, 16
91, 24, 67, 5
92, 24, 59, 27
93, 24, 12, 20
94, 24, 30, 22
95, 24, 11, 23
96, 25, 19, 1
97, 26, 2, 12
98, 27, 67, 1
99, 27, 64, 24
100, 27, 36, 19
101, 27, 45, 28
102, 28, 7, 13
103, 28, 60, 21
104, 29, 48, 18
105, 29, 18, 25
106, 29, 70, 1
107, 29, 63, 24
108, 30, 8, 16
109, 30, 40, 26
110, 30, 48, 27
111, 31, 52, 1
112, 31, 16, 22
113, 32, 62, 17
114, 32, 32, 25
115, 32, 29, 0
116, 33, 57, 18
117, 33, 19, 0
118, 33, 69, 25
119, 34, 12, 24
120, 34, 67, 28
121, 34, 12, 20
122, 34, 22, 3
123, 34, 43, 11
124, 34, 26, 6
125, 34, 4, 12
126, 35, 23, 15
127, 35, 3, 19
128, 35, 68, 18
129, 35, 64, 15
130, 35, 3, 2
131, 35, 14, 10
132, 35, 64, 19
133, 36, 59, 21
134, 36, 44, 28
135, 36, 53, 17
136, 36, 60, 23
137, 36, 5, 14
138, 36, 36, 19
139, 36, 57, 6
140, 37, 1, 3
141, 37, 53, 6
142, 37, 20, 7
143, 37, 35, 18
144, 38, 43, 14
145, 38, 12, 4
146, 39, 30, 8
147, 39, 65, 21
148, 39, 53, 22
149, 39, 24, 13
150, 40, 12, 26
151, 40, 50, 26
152, 40, 67, 10
153, 40, 10, 27
154, 40, 7, 23
155, 40, 2, 17
156, 40, 29, 15
157, 41, 14, 25
158, 41, 29, 20
159, 41, 28, 13
160, 41, 23, 12
161, 41, 36, 5
162, 41, 11, 7
163, 42, 20, 14
164, 42, 44, 8
165, 42, 43, 4
166, 42, 49, 3
167, 43, 69, 8
168, 43, 12, 4
169, 43, 8, 16
170, 43, 27, 0
171, 43, 7, 16
172, 43, 50, 25
173, 44, 42, 17
174, 44, 39, 23
175, 44, 67, 1
176, 45, 32, 19
177, 46, 19, 0
178, 46, 38, 11
179, 47, 46, 20
180, 47, 25, 29
181, 47, 35, 2
182, 47, 23, 10
183, 47, 5, 22
184, 47, 61, 3
185, 48, 60, 21
186, 48, 16, 20
187, 49, 68, 6
188, 49, 24, 28
189, 49, 50, 12
190, 49, 64, 13
191, 49, 68, 28
192, 49, 2, 8
193, 49, 18, 22
194, 50, 12, 16
195, 50, 57, 26
196, 51, 6, 29
197, 52, 1, 17
198, 52, 43, 0
199, 52, 19, 1
200, 53, 40, 11
201, 53, 33, 17
202, 53, 43, 8
203, 53, 51, 15
204, 54, 50, 18
205, 54, 14, 16
206, 54, 61, 2
207, 54, 54, 11
208, 54, 62, 4
209, 55, 34, 20
210, 55, 66, 7
211, 55, 21, 26
212, 55, 54, 13
213, 56, 36, 14
214, 56, 20, 27
215, 57, 28, 23
216, 57, 49, 12
217, 57, 7, 18
218, 57, 12, 0
219, 57, 69, 2
220, 57, 68, 29
221, 58, 7, 2
222, 58, 66, 7
223, 58, 8, 5
224, 58, 9, 9
225, 58, 5, 6
226, 58, 57, 3
227, 59, 51, 24
228, 59, 20, 4
229, 59, 61, 29
230, 59, 2, 5
231, 59, 12, 4
232, 60, 60, 24
233, 60, 58, 12
234, 60, 46, 21
235, 60, 61, 8
236, 61, 23, 2
237, 61, 51, 15
238, 61, 3, 15
239, 61, 47, 10
240, 61, 49, 4
241, 61, 58, 9
242, 61, 52, 9
243, 62, 64, 15
244, 62, 27, 11
245, 62, 45, 9
246, 63, 3, 24
247, 63, 3, 0
248, 63, 47, 0
249, 63, 28, 20
250, 63, 30, 2
251, 64, 50, 3
252, 64, 47, 20
253, 64, 1, 2
254, 65, 35, 27
255, 65, 3, 5
256, 65, 57, 10
257, 65, 33, 9
258, 65, 24, 8
259, 66, 51, 10
260, 66, 52, 0
261, 66, 58, 21
262, 67, 70, 25
263, 67, 26, 21
264, 67, 49, 19
265, 67, 64, 18
266, 68, 11, 16
267, 68, 65, 29
268, 68, 26, 9
269, 68, 15, 4
270, 69, 59, 7
271, 70, 55, 18
272, 70, 27, 24
273, 70, 35, 19
274, 70, 35, 9
275, 70, 22, 19
276, 71, 58, 15
277, 72, 6, 19
278, 72, 49, 28
279, 72, 54, 2
280, 72, 24, 26
281, 72, 5, 4
282, 72, 38, 14
283, 72, 4, 4
284, 73, 63, 25
285, 73, 52, 9
286, 73, 65, 25
287, 73, 40, 25
288, 73, 51, 20
289, 74, 57, 20
290, 75, 38, 11
291, 75, 69, 9
292, 75, 13, 15
293, 75, 38, 5
294, 75, 51, 6
295, 75, 14, 28
296, 75, 59, 25
297, 76, 22, 26
298, 76, 13, 23
299, 76, 31, 29
300, 76, 5, 10
301, 76, 66, 23
302, 76, 33, 28
303, 77, 42, 15
304, 77, 10, 28
305, 77, 7, 14
306, 77, 51, 1
307, 77, 52, 16
308, 77, 20, 23
309, 78, 61, 20
310, 78, 40, 25
311, 78, 35, 7
312, 78, 15, 19
313, 78, 17, 19
314, 78, 32, 6
315, 79, 29, 22
316, 79, 32, 7
317, 79, 9, 4
318, 79, 29, 22
319, 79, 44, 28
320, 79, 9, 16
321, 80, 23, 11
322, 80, 45, 3
323, 81, 53, 6
324, 81, 35, 26
325, 81, 3, 10
326, 81, 52, 15
327, 81, 16, 3
328, 81, 49, 24
329, 81, 66, 14
330, 82, 40, 22
331, 82, 39, 22
332, 82, 1, 14
333, 82, 54, 17
334, 83, 23, 15
335, 84, 34, 27
336, 84, 40, 19
337, 84, 19, 26
338, 85, 65, 12
339, 85, 50, 26
340, 85, 26, 23
341, 85, 48, 28
342, 85, 59, 20
343, 85, 52, 19
344, 86, 49, 20
345, 86, 29, 17
346, 86, 4, 10
347, 86, 41, 2
348, 86, 43, 6
349, 86, 41, 15
350, 86, 16, 0
351, 87, 37, 10
352, 87, 31, 23
353, 87, 60, 2
354, 87, 6, 12
355, 87, 16, 22
356, 87, 51, 19
357, 87, 44, 4
358, 88, 70, 15
359, 88, 11, 25
360, 88, 44, 1
361, 88, 35, 4
362, 88, 6, 14
363, 88, 61, 14
364, 88, 37, 3
365, 89, 67, 25
366, 89, 35, 16
367, 89, 9, 5
368, 90, 31, 5
369, 90, 50, 27
370, 90, 69, 6
371, 90, 45, 25
372, 91, 14, 5
373, 91, 6, 23
374, 91, 21, 15
375, 91, 37, 17
376, 92, 16, 24
377, 92, 67, 27
378, 92, 64, 27
379, 92, 64, 20
380, 93, 65, 9
381, 93, 54, 3
382, 93, 50, 20
383, 93, 36, 29
384, 93, 65, 29
385, 94, 8, 16
386, 94, 40, 12
387, 94, 24, 14
388, 95, 38, 4
389, 95, 64, 5
390, 95, 40, 18
391, 95, 34, 17
392, 95, 16, 24
393, 95, 20, 9
394, 95, 11, 3
395, 96, 23, 8
396, 96, 47, 4
397, 97, 18, 26
398, 97, 46, 6
399, 97, 61, 6
400, 97, 52, 29
401, 97, 35, 27
402, 97, 24, 22
403, 97, 58, 25
404, 98, 19, 10
405, 98, 2, 6
406, 98, 62, 3
407, 98, 5, 11
408, 99, 47, 9
409, 99, 46, 28
410, 99, 33, 3
411, 100, 67, 1
412, 100, 70, 21
413, 100, 8, 22
414, 100, 19, 7
415, 100, 3, 24
416, 101, 7, 3
417, 101, 41, 22
418, 101, 9, 4
419, 101, 13, 9
420, 101, 54, 7
421, 101, 26, 2
422, 102, 67, 13
423, 102, 33, 13
424, 102, 32, 14
425, 102, 37, 11
426, 102, 31, 12
427, 103, 63, 3
428, 103, 56, 13
429, 104, 68, 2
430, 104, 50, 8
431, 104, 18, 11
432, 104, 15, 11
433, 104, 37, 3
434, 105, 51, 20
435, 105, 43, 15
436, 105, 33, 28
437, 106, 45, 9
438, 106, 4, 10
439, 106, 43, 18
440, 106, 62, 28
441, 106, 32, 26
442, 106, 22, 5
443, 106, 55, 15
444, 107, 40, 3
445, 107, 65, 28
446, 107, 24, 13
447, 107, 66, 14
448, 107, 63, 9
449, 107, 55, 27
450, 107, 25, 11
451, 108, 21, 17
452, 108, 65, 27
453, 108, 14, 12
454, 108, 54, 18
455, 108, 59, 10
456, 108, 5, 9
457, 109, 5, 16
458, 109, 25, 0
459, 109, 13, 20
460, 110, 47, 12
461, 110, 16, 6
462, 110, 40, 12
463, 110, 57, 14
464, 110, 69, 25
465, 110, 44, 25
466, 111, 18, 7
467, 111, 35, 26
468, 111, 54, 2
469, 112, 20, 6
470, 112, 7, 4
471, 112, 12, 26
472, 112, 63, 4
473, 112, 58, 10
474, 113, 68, 10
475, 114, 55, 15
476, 114, 22, 15
477, 114, 55, 16
478, 114, 58, 0
479, 114, 8, 20
480, 115, 57, 8
481, 115, 66, 6
482, 115, 17, 8
483, 115, 31, 10
484, 115, 62, 3
485, 116, 22, 2
486, 116, 6, 17
487, 116, 46, 15
488, 117, 11, 6
489, 117, 22, 13
490, 118, 9, 23
491, 119, 2, 22
492, 119, 40, 13
493, 120, 61, 22
494, 120, 45, 26
495, 120, 33, 8
496, 120, 46, 12
497, 120, 39, 26
498, 120, 30, 21
499, 120, 17, 1
500, 121, 63, 23
501, 121, 10, 5
502, 121, 19, 22
503, 121, 6, 23
504, 121, 65, 5
505, 122, 48, 22
506, 122, 27, 20
507, 122, 64, 26
508, 122, 56, 1
509, 123, 47, 23
510, 123, 43, 1
511, 123, 52, 4
512, 123, 28, 24
513, 123, 29, 6
514, 123, 64, 22
515, 123, 8, 24
516, 124, 34, 10
517, 124, 67, 22
518, 124, 52, 14
519, 124, 56, 19
520, 125, 63, 20
521, 125, 68, 29
522, 125, 43, 23
523, 125, 55, 21
524, 125, 61, 12
525, 125, 38, 23
526, 125, 9, 28
527, 126, 62, 15
528, 127, 38, 1
529, 127, 31, 24
530, 127, 60, 6
531, 128, 68, 24
532, 128, 53, 20
533, 128, 20, 19
534, 128, 23, 18
535, 128, 53, 3
536, 128, 46, 4
537, 129, 14, 26
538, 129, 37, 21
539, 129, 34, 8
540, 129, 70, 18
541, 129, 66, 19
542, 129, 14, 20
543, 130, 56, 4
544, 130, 15, 26
545, 130, 56, 21
546, 130, 44, 14
547, 130, 2, 19
548, 130, 32, 20
549, 130, 21, 0
550, 131, 6, 11
551, 131, 70, 29
552, 131, 2, 27
553, 131, 2, 20
554, 132, 8, 3
555, 133, 29, 28
556, 134, 53, 13
557, 134, 11, 17
558, 134, 15, 19
559, 135, 56, 22
560, 135, 19, 4
561, 135, 51, 25
562, 135, 69, 12
563, 135, 51, 2
564, 135, 40, 21
565, 136, 66, 5
566, 136, 8, 14
567, 136, 57, 7
568, 136, 24, 19
569, 136, 47, 10
570, 136, 68, 29
571, 137, 66, 2
572, 137, 14, 2
573, 137, 26, 2
574, 137, 60, 18
575, 138, 13, 19
576, 138, 48, 12
577, 138, 54, 23
578, 138, 51, 4
579, 139, 32, 4
580, 139, 42, 6
581, 139, 35, 26
582, 139, 16, 19
583, 139, 21, 7
584, 139, 52, 16
585, 140, 20, 20
586, 141, 23, 9
587, 141, 66, 27
588, 141, 36, 18
589, 141, 56, 12
590, 141, 7, 15
591, 141, 45, 24
592, 141, 7, 27
593, 142, 23, 5
594, 142, 37, 10
595, 143, 39, 29
596, 144, 39, 3
597, 144, 35, 8
598, 144, 69, 16
599, 145, 34, 27
600, 145, 62, 25
601, 145, 1, 26
602, 145, 39, 13
603, 145, 8, 20
604, 146, 29, 18
605, 147, 18, 18
606, 147, 35, 13
607, 147, 14, 1
608, 147, 52, 21
609, 148, 11, 3
610, 148, 11, 11
611, 148, 46, 27
612, 148, 6, 20
613, 148, 58, 24
614, 148, 9, 29
615, 149, 10, 11
616, 149, 49, 8
617, 149, 65, 17
618, 149, 49, 1
619, 149, 27, 11
620, 149, 10, 11
621, 150, 31, 1
622, 151, 33, 3
623, 152, 55, 17
624, 152, 8, 23
625, 152, 25, 4
626, 152, 50, 18
627, 152, 14, 9
628, 152, 9, 16
629, 152, 62, 22
630, 153, 17, 16
631, 153, 6, 28
632, 153, 19, 24
633, 154, 68, 1
634, 154, 22, 3
635, 155, 31, 14
636, 155, 44, 18
637, 156, 52, 7
638, 156, 47, 7
639, 156, 55, 27
640, 156, 18, 21
641, 156, 30, 19
642, 157, 1, 0
643, 157, 24, 2
644, 158, 38, 9
645, 158, 29, 4
646, 158, 2, 16
647, 159, 65, 28
648, 159, 24, 10
649, 159, 10, 14
650, 159, 35, 15
651, 159, 49, 16
652, 159, 42, 27
653, 160, 19, 26
654, 160, 45, 18
655, 160, 12, 27
656, 160, 35, 1
657, 160, 23, 7
658, 160, 43, 16
659, 161, 21, 0
660, 161, 10, 1
661, 162, 15, 29
662, 163, 26, 5
663, 163, 11, 5
664, 163, 25, 11
665, 164, 5, 2
666, 164, 16, 23
667, 164, 28, 24
668, 164, 26, 25
669, 164, 26, 26
670, 164, 36, 29
671, 165, 3, 14
672, 165, 56, 24
673, 165, 61, 19
674, 165, 45, 19
675, 165, 56, 29
676, 165, 69, 22
677, 165, 45, 23
678, 166, 34, 2
679, 167, 62, 8
680, 167, 10, 24
681, 167, 52, 24
682, 167, 60, 1
683, 167, 59, 9
684, 167, 63, 26
685, 167, 1, 1
686, 168, 36, 13
687, 169, 61, 28
688, 169, 3, 23
689, 169, 54, 10
690, 169, 49, 29
691, 170, 56, 21
692, 170, 4, 20
693, 170, 18, 6
694, 170, 31, 25
695, 170, 52, 8
696, 170, 40, 13
697, 171, 40, 25
698, 171, 60, 4
699, 171, 51, 14
700, 171, 19, 4
701, 171, 12, 3
702, 172, 54, 16
703, 173, 21, 27
704, 173, 3, 8
705, 174, 10, 20
706, 174, 69, 2
707, 174, 11, 25
708, 174, 26, 29
709, 174, 20, 13
710, 174, 22, 4
711, 174, 47, 24
712, 175, 18, 24
713, 175, 68, 18
714, 175, 51, 26
715, 175, 22, 14
716, 176, 55, 22
717, 176, 25, 28
718, 177, 46, 22
719, 177, 28, 16
720, 177, 13, 5
721, 177, 55, 17
722, 177, 19, 28
723, 178, 41, 13
724, 178, 27, 25
725, 178, 14, 16
726, 178, 47, 15
727, 178, 57, 10
728, 178, 17, 13
729, 178, 30, 25
730, 179, 44, 27
731, 179, 41, 21
732, 180, 15, 26
733, 180, 37, 19
734, 180, 51, 23
735, 181, 10, 7
736, 181, 32, 9
737, 181, 36, 26
738, 181, 27, 24
739, 181, 40, 5
740, 181, 5, 7
741, 181, 59, 18
742, 182, 3, 26
743, 182, 10, 3
744, 183, 44, 27
745, 183, 2, 3
746, 183, 13, 20
747, 183, 47, 6
748, 183, 33, 11
749, 184, 36, 8
750, 185, 4, 0
751, 185, 33, 11
752, 185, 25, 12
753, 185, 49, 15
754, 185, 36, 26
755, 185, 31, 6
756, 186, 2, 0
757, 186, 31, 27
758, 186, 36, 14
759, 186, 34, 23
760, 187, 26, 25
761, 187, 44, 13
762, 187, 51, 4
763, 187, 6, 17
764, 187, 62, 1
765, 188, 30, 23
766, 188, 29, 13
767, 188, 41, 18
768, 188, 67, 10
769, 188, 5, 10
770, 188, 30, 1
771, 188, 37, 24
772, 189, 13, 25
773, 189, 54, 27
774, 189, 13, 8
775, 189, 36, 6
776, 190, 48, 18
777, 191, 24, 12
778, 191, 54, 19
779, 192, 3, 26
780, 193, 16, 0
781, 193, 67, 5
782, 193, 31, 15
783, 194, 40, 0
784, 194, 13, 8
785, 194, 38, 20
786, 195, 5, 4
787, 195, 44, 13
788, 195, 67, 12
789, 195, 3, 28
790, 196, 70, 14
791, 196, 30, 19
792, 196, 41, 9
793, 196, 57, 27
794, 196, 10, 17
795, 197, 11, 25
796, 198, 11, 6
797, 198, 57, 27
798, 198, 55, 13
799, 198, 21, 10
800, 198, 54, 20
801, 198, 11, 1
802, 198, 6, 23
803, 199, 7, 26
804, 199, 41, 1
805, 199, 62, 12
806, 200, 61, 12
807, 200, 45, 28
808, 200, 57, 11
809, 200, 27, 7
810, 200, 25, 1
811, 201, 56, 20
812, 201, 41, 2
813, 201, 11, 9
814, 201, 25, 13
815, 201, 31, 25
816, 201, 45, 5
817, 202, 29, 17
818, 202, 5, 3
819, 202, 39, 18
820, 202, 30, 27
821, 202, 62, 17
822, 203, 47, 25
823, 203, 67, 1
824, 203, 4, 22
825, 203, 45, 14
826, 203, 18, 19
827, 204, 32, 16
828, 204, 12, 9
829, 204, 9, 17
830, 204, 34, 23
831, 204, 6, 13
832, 204, 46, 24
833, 205, 5, 9
834, 205, 21, 7
835, 205, 29, 29
836, 205, 20, 27
837, 206, 30, 21
838, 206, 31, 15
839, 207, 48, 8
840, 207, 54, 20
841, 207, 54, 24
842, 207, 52, 21
843, 207, 60, 16
844, 207, 31, 21
845, 207, 41, 21
846, 208, 8, 5
847, 208, 2, 17
848, 208, 24, 3
849, 208, 5, 20
850, 208, 44, 20
851, 209, 6, 15
852, 209, 57, 18
853, 209, 10, 28
854, 210, 69, 3
855, 210, 59, 29
856, 210, 39, 26
857, 210, 3, 4
858, 210, 27, 26
859, 210, 26, 15
860, 211, 3, 3
861, 211, 43, 3
862, 211, 70, 18
863, 211, 57, 16
864, 211, 23, 24
865, 211, 48, 26
866, 211, 50, 0
867, 212, 53, 8
868, 212, 33, 10
869, 212, 2, 16
870, 212, 62, 28
871, 212, 3, 5
872, 212, 65, 3
873, 212, 23, 15
874, 213, 50, 14
875, 213, 15, 9
876, 213, 5, 9
877, 213, 2, 28
878, 213, 55, 27
879, 213, 38, 5
880, 213, 55, 8
881, 214, 10, 26
882, 214, 27, 10
883, 215, 65, 25
884, 215, 16, 29
885, 215, 29, 25
886, 216, 4, 19
887, 216, 14, 5
888, 216, 22, 19
889, 216, 15, 28
890, 216, 44, 13
891, 217, 59, 0
892, 217, 61, 6
893, 217, 68, 12
894, 217, 11, 17
895, 217, 23, 18
896, 217, 8, 9
897, 217, 70, 26
898, 218, 22, 4
899, 219, 11, 25
900, 219, 50, 13
901, 219, 1, 5
902, 220, 4, 14
903, 220, 35, 15
904, 220, 27, 25
905, 220, 28, 15
906, 221, 32, 19
907, 222, 54, 6
908, 222, 22, 24
909, 222, 70, 22
910, 222, 16, 19
911, 222, 55, 16
912, 223, 14, 27
913, 223, 30, 22
914, 224, 39, 8
915, 224, 49, 27
916, 224, 69, 3
917, 225, 60, 16
918, 225, 66, 19
919, 225, 23, 25
920, 225, 62, 28
921, 226, 29, 21
922, 226, 34, 17
923, 227, 46, 21
924, 227, 56, 22
925, 227, 13, 7
926, 227, 5, 17
927, 228, 5, 8
928, 228, 37, 0
929, 228, 13, 24
930, 228, 70, 0
931, 228, 26, 0
932, 228, 32, 3
933, 228, 2, 2
934, 229, 54, 11
935, 230, 12, 7
936, 230, 54, 10
937, 230, 55, 1
938, 230, 66, 14
939, 230, 11, 20
940, 230, 63, 28
941, 230, 65, 29
942, 231, 28, 0
943, 232, 69, 25
944, 232, 55, 10
945, 232, 48, 24
946, 232, 36, 17
947, 232, 48, 2
948, 232, 30, 26
949, 233, 53, 6
950, 233, 7, 16
951, 233, 43, 5
952, 233, 8, 17
953, 234, 55, 27
954, 234, 65, 13
955, 234, 45, 3
956, 235, 15, 3
957, 235, 32, 28
958, 235, 48, 9
959, 235, 67, 15
960, 236, 10, 13
961, 236, 57, 21
962, 236, 54, 9
963, 237, 52, 18
964, 237, 30, 24
965, 237, 39, 2
966, 238, 25, 4
967, 238, 48, 16
968, 238, 34, 11
969, 238, 43, 27
970, 238, 50, 29
971, 239, 6, 5
972, 239, 3, 6
973, 239, 61, 5
974, 240, 13, 22
975, 240, 18, 19
976, 240, 50, 28
977, 240, 10, 1
978, 240, 44, 21
979, 240, 58, 20
980, 240, 3, 6
981, 241, 50, 6
982, 241, 28, 6
983, 241, 32, 10
984, 241, 16, 1
985, 241, 63, 5
986, 242, 9, 10
987, 243, 30, 10
988, 243, 8, 9
989, 243, 41, 26
990, 243, 50, 17
991, 243, 6, 28
992, 244, 19, 17
993, 245, 11, 16
994, 245, 9, 17
995, 245, 33, 0
996, 245, 29, 22
997, 245, 43, 16
998, 245, 43, 6
999, 245, 53, 9
1000, 246, 12, 6
1001, 246, 32, 13
1002, 246, 39, 15
1003, 246, 35, 5
1004, 246, 42, 0
1005, 246, 50, 3
1006, 246, 43, 17
1007, 247, 53, 26
1008, 247, 60, 27
1009, 247, 23, 6
1010, 247, 42, 1
1011, 247, 23, 23
1012, 247, 7, 1
1013, 248, 70, 25
1014, 248, 62, 0
1015, 248, 14, 25
1016, 248, 62, 19
1017, 248, 60, 25
1018, 248, 19, 3
1019, 249, 9, 27
1020, 249, 67, 28
1021, 249, 40, 1
1022, 249, 70, 29
1023, 249, 45, 14
1024, 249, 68, 24
1025, 249, 41, 10
1026, 250, 29, 24
1027, 250, 22, 19
1028, 250, 51, 13
1029, 250, 25, 5
1030, 251, 40, 3
1031, 251, 28, 10
1032, 251, 36, 5
1033, 252, 24, 20
1034, 253, 3, 29
1035, 253, 65, 15
1036, 254, 46, 27
1037, 254, 64, 28
1038, 254, 52, 19
1039, 254, 14, 26
1040, 254, 54, 25
1041, 254, 16, 20
1042, 255, 46, 11
1043, 255, 70, 4
1044, 256, 27, 18
1045, 256, 68, 20
1046, 256, 15, 11
1047, 257, 34, 5
1048, 257, 29, 21
1049, 257, 14, 17
1050, 257, 21, 4
1051, 257, 4, 5
1052, 257, 32, 28
1053, 258, 17, 26
1054, 258, 2, 16
1055, 258, 50, 23
1056, 258, 5, 26
1057, 258, 2, 11
1058, 258, 28, 20
1059, 258, 1, 25
1060, 259, 45, 16
1061, 260, 6, 4
1062, 261, 67, 26
1063, 261, 41, 15
1064, 261, 18, 19
1065, 261, 16, 7
1066, 261, 10, 4
1067, 261, 18, 19
1068, 261, 24, 26
1069, 262, 42, 9
1070, 262, 11, 7
1071, 262, 63, 25
1072, 262, 60, 29
1073, 262, 30, 21
1074, 263, 68, 21
1075, 263, 33, 18
1076, 263, 15, 2
1077, 263, 2, 13
1078, 263, 52, 8
1079, 263, 26, 6
1080, 263, 64, 3
1081, 264, 29, 20
1082, 264, 49, 27
1083, 265, 3, 20
1084, 265, 36, 15
1085, 265, 70, 18
1086, 266, 37, 11
1087, 266, 26, 28
1088, 266, 69, 26
1089, 266, 14, 18
1090, 266, 58, 0
1091, 266, 69, 6
1092, 267, 59, 23
1093, 267, 9, 20
1094, 268, 63, 16
1095, 269, 52, 5
1096, 270, 11, 16
1097, 270, 15, 28
1098, 270, 28, 21
1099, 270, 4, 9
1100, 270, 20, 26
1101, 270, 48, 12
1102, 271, 24, 29
1103, 271, 43, 7
1104, 271, 29, 15
1105, 271, 58, 17
1106, 272, 9, 9
1107, 272, 68, 17
1108, 272, 13, 3
1109, 272, 14, 10
1110, 272, 63, 1
1111, 273, 51, 26
1112, 273, 11, 16
1113, 273, 11, 11
1114, 273, 11, 1
1115, 273, 68, 20
1116, 273, 56, 5
1117, 273, 42, 2
1118, 274, 60, 0
1119, 274, 3, 14
1120, 274, 17, 7
1121, 275, 65, 3
1122, 275, 64, 10
1123, 276, 47, 21
1124, 277, 67, 23
1125, 277, 69, 22
1126, 277, 16, 29
1127, 277, 38, 12
1128, 277, 69, 22
1129, 278, 67, 0
1130, 278, 22, 10
1131, 278, 21, 12
1132, 279, 69, 17
1133, 279, 70, 21
1134, 279, 36, 29
1135, 279, 59, 1
1136, 279, 35, 23
1137, 279, 69, 12
1138, 279, 22, 10
1139, 280, 56, 17
1140, 280, 22, 16
1141, 280, 55, 6
1142, 280, 20, 24
1143, 281, 6, 7
1144, 281, 3, 13
1145, 282, 54, 3
1146, 283, 22, 23
1147, 283, 44, 3
1148, 283, 45, 24
1149, 284, 21, 26
1150, 284, 32, 10
1151, 284, 14, 10
1152, 284, 6, 25
1153, 284, 41, 16
1154, 284, 69, 29
1155, 284, 19, 28
1156, 285, 32, 22
1157, 285, 57, 9
1158, 285, 17, 23
1159, 285, 69, 6
1160, 286, 11, 5
1161, 286, 54, 18
1162, 286, 37, 7
1163, 286, 19, 10
1164, 287, 37, 29
1165, 287, 45, 2
1166, 287, 23, 3
1167, 287, 60, 23
1168, 287, 46, 5
1169, 287, 41, 28
1170, 287, 39, 13
1171, 288, 43, 12
1172, 288, 37, 10
1173, 288, 56, 16
1174, 288, 59, 12
1175, 288, 54, 26
1176, 288, 69, 21
1177, 288, 55, 15
1178, 289, 39, 7
1179, 289, 44, 0
1180, 289, 34, 17
1181, 289, 37, 0
1182, 290, 6, 15
1183, 290, 39, 22
1184, 291, 21, 0
1185, 292, 28, 12
1186, 292, 22, 21
1187, 293, 41, 23
1188, 293, 31, 11
1189, 294, 37, 22
1190, 294, 35, 12
1191, 294, 7, 7
1192, 294, 64, 12
1193, 295, 20, 7
1194, 295, 27, 19
1195, 295, 43, 18
1196, 295, 49, 7
1197, 296, 62, 18
1198, 296, 11, 16
1199, 296, 69, 22
1200, 296, 48, 0
1201, 297, 2, 19
1202, 297, 22, 8
1203, 297, 36, 0
1204, 297, 12, 11
1205, 298, 5, 3
1206, 298, 43, 26
1207, 298, 27, 25
1208, 298, 27, 17
1209, 299, 53, 23
1210, 299, 22, 29
1211, 299, 40, 16
1212, 299, 60, 6
1213, 299, 10, 6
1214, 300, 1, 8
1215, 300, 41, 3
1216, 300, 62, 20
1217, 300, 54, 4
1218, 300, 19, 4
1219, 300, 56, 7
1220, 301, 21, 4
1221, 302, 47, 9
1222, 302, 17, 2
1223, 302, 11, 18
1224, 302, 6, 21
1225, 303, 14, 26
1226, 304, 17, 0
1227, 304, 36, 8
1228, 304, 24, 21
1229, 305, 63, 6
1230, 305, 6, 8
1231, 305, 52, 18
1232, 305, 19, 27
1233, 305, 67, 1
1234, 306, 53, 16
1235, 306, 26, 29
1236, 306, 21, 7
1237, 307, 34, 28
1238, 307, 1, 6
1239, 307, 41, 29
1240, 307, 53, 24
1241, 307, 23, 7
1242, 307, 47, 14
1243, 307, 53, 8
1244, 308, 2, 11
1245, 309, 59, 22
1246, 309, 28, 4
1247, 309, 30, 14
1248, 309, 17, 16
1249, 309, 2, 26
1250, 309, 26, 18
1251, 310, 8, 15
1252, 310, 41, 4
1253, 310, 51, 16
1254, 310, 48, 18
1255, 311, 38, 15
1256, 311, 18, 25
1257, 311, 9, 5
1258, 311, 60, 8
1259, 311, 2, 1
1260, 312, 62, 15
1261, 312, 27, 7
1262, 312, 51, 19
1263, 312, 62, 21
1264, 312, 35, 0
1265, 312, 41, 22
1266, 312, 45, 15
1267, 313, 20, 18
1268, 313, 39, 8
1269, 314, 4, 8
1270, 314, 68, 4
1271, 314, 51, 28
1272, 314, 22, 7
1273, 314, 24, 3
1274, 315, 59, 3
1275, 315, 24, 28
1276, 315, 58, 11
1277, 316, 56, 15
1278, 316, 53, 8
1279, 316, 24, 3
1280, 316, 15, 27
1281, 316, 70, 8
1282, 316, 22, 17
1283, 317, 52, 17
1284, 317, 48, 8
1285, 318, 41, 22
1286, 318, 70, 7
1287, 318, 63, 27
1288, 318, 6, 27
1289, 318, 2, 12
1290, 319, 3, 26
1291, 319, 27, 11
1292, 320, 7, 13
1293, 320, 28, 21
1294, 320, 57, 27
1295, 320, 57, 2
1296, 320, 4, 6
1297, 320, 22, 0
1298, 321, 3, 23
1299, 321, 56, 9
1300, 321, 13, 22
1301, 322, 58, 6
1302, 323, 53, 16
1303, 323, 20, 22
1304, 323, 63, 0
1305, 323, 42, 6
1306, 323, 68, 16
1307, 323, 21, 15
1308, 323, 49, 28
1309, 324, 20, 15
1310, 324, 38, 13
1311, 324, 45, 21
1312, 324, 10, 24
1313, 324, 38, 22
1314, 324, 12, 14
1315, 324, 20, 7
1316, 325, 25, 22
1317, 326, 65, 1
1318, 326, 70, 24
1319, 326, 15, 9
1320, 326, 10, 10
1321, 326, 55, 29
1322, 326, 17, 22
1323, 326, 20, 22
1324, 327, 40, 8
1325, 327, 60, 27
1326, 327, 17, 29
1327, 327, 33, 27
1328, 327, 68, 13
1329, 327, 50, 23
1330, 327, 40, 1
1331, 328, 5, 15
1332, 328, 12, 29
1333, 328, 31, 6
1334, 328, 6, 21
1335, 328, 13, 14
1336, 329, 51, 17
1337, 329, 25, 8
1338, 329, 32, 16
1339, 329, 68, 4
1340, 329, 57, 19
1341, 329, 56, 3
1342, 329, 18, 27
1343, 330, 19, 19
1344, 330, 57, 16
1345, 330, 57, 13
1346, 330, 11, 19
1347, 330, 62, 5
1348, 331, 44, 13
1349, 331, 29, 23
1350, 332, 1, 25
1351, 332, 60, 28
1352, 332, 63, 16
1353, 332, 30, 16
1354, 333, 48, 6
1355, 333, 33, 6
1356, 333, 24, 2
1357, 333, 29, 1
1358, 333, 54, 1
1359, 333, 38, 19
1360, 333, 20, 24
1361, 334, 59, 1
1362, 334, 53, 9
1363, 334, 14, 10
1364, 334, 9, 7
1365, 334, 62, 1
1366, 334, 16, 22
1367, 335, 58, 1
1368, 335, 28, 17
1369, 335, 53, 0
1370, 335, 29, 29
1371, 335, 68, 28
1372, 336, 18, 12
1373, 337, 48, 10
1374, 337, 28, 22
1375, 337, 37, 12
1376, 337, 63, 22
1377, 338, 12, 16
1378, 339, 40, 4
1379, 339, 4, 24
1380, 339, 9, 21
1381, 339, 44, 8
1382, 339, 56, 21
1383, 340, 25, 12
1384, 340, 15, 4
1385, 340, 29, 27
1386, 340, 6, 7
1387, 340, 9, 27
1388, 340, 63, 19
1389, 340, 37, 12
1390, 341, 41, 16
1391, 341, 69, 18
1392, 341, 2, 10
1393, 342, 50, 4
1394, 342, 35, 5
1395, 342, 60, 10
1396, 342, 31, 28
1397, 342, 44, 7
1398, 343, 17, 27
1399, 343, 2, 3
1400, 343, 2, 9
1401, 343, 22, 7
1402, 343, 34, 0
1403, 343, 39, 8
1404, 343, 16, 13
1405, 344, 42, 1
1406, 344, 31, 23
1407, 344, 69, 15
1408, 344, 5, 28
1409, 344, 64, 10
1410, 344, 34, 21
1411, 345, 7, 11
1412, 345, 53, 24
1413, 345, 52, 23
1414, 345, 10, 9
1415, 345, 21, 1
1416, 346, 36, 29
1417, 347, 39, 7
1418, 347, 51, 27
1419, 348, 4, 17
1420, 348, 35, 8
1421, 348, 20, 25
1422, 348, 18, 19
1423, 348, 31, 21
1424, 349, 3, 12
1425, 349, 50, 14
1426, 349, 50, 26
1427, 349, 33, 29
1428, 349, 46, 5
1429, 350, 44, 28
1430, 350, 38, 5
1431, 351, 63, 25
1432, 351, 68, 16
1433, 351, 44, 26
1434, 351, 2, 10
1435, 352, 47, 8
1436, 352, 31, 11
1437, 352, 31, 4
1438, 353, 5, 8
1439, 353, 5, 13
1440, 353, 31, 11
1441, 353, 46, 19
1442, 353, 3, 26
1443, 353, 10, 10
1444, 353, 5, 11
1445, 354, 37, 3
1446, 354, 24, 19
1447, 354, 14, 0
1448, 354, 43, 24
1449, 354, 40, 25
1450, 355, 31, 3
1451, 355, 41, 9
1452, 355, 47, 8
1453, 355, 24, 3
1454, 355, 34, 15
1455, 355, 31, 20
1456, 355, 1, 16
1457, 356, 26, 24
1458, 356, 7, 4
1459, 356, 2, 21
1460, 356, 29, 27
1461, 356, 14, 24
1462, 356, 46, 26
1463, 356, 36, 22
1464, 357, 26, 8
1465, 357, 39, 19
1466, 357, 66, 24
1467, 357, 11, 19
1468, 358, 8, 14
1469, 358, 47, 1
1470, 358, 17, 21
1471, 359, 27, 8
1472, 359, 3, 11
1473, 359, 10, 8
1474, 359, 68, 27
1475, 359, 21, 29
1476, 360, 69, 27
1477, 360, 11, 20
1478, 360, 23, 4
1479, 360, 32, 6
1480, 361, 66, 25
1481, 361, 65, 0
1482, 361, 33, 28
1483, 361, 65, 27
1484, 361, 12, 17
1485, 361, 9, 26
1486, 361, 4, 4
1487, 362, 6, 7
1488, 362, 52, 8
1489, 362, 15, 28
1490, 362, 17, 14
1491, 363, 32, 13
1492, 363, 23, 10
1493, 363, 15, 25
1494, 363, 46, 13
1495, 363, 10, 22
1496, 363, 43, 1
1497, 364, 16, 1
1498, 364, 1, 4
1499, 364, 20, 3
1500, 364, 4, 16
1501, 364, 34, 23
1502, 364, 16, 22
1503, 365, 40, 26
1504, 365, 46, 22
1505, 365, 45, 4
1506, 365, 11, 25
1507, 365, 60, 21
1508, 366, 66, 6
1509, 366, 15, 11
1510, 366, 26, 15
1511, 366, 5, 7
1512, 366, 63, 22
1513, 366, 57, 28
1514, 366, 52, 0
1515, 367, 70, 20
1516, 367, 4, 8
1517, 367, 63, 22
1518, 367, 34, 29
1519, 367, 66, 7
1520, 367, 23, 10
1521, 367, 41, 7
1522, 368, 42, 3
1523, 368, 1, 15
1524, 369, 67, 1
1525, 369, 1, 14
1526, 369, 39, 11
1527, 369, 52, 25
1528, 369, 60, 1
1529, 369, 8, 5
1530, 369, 60, 17
1531, 370, 18, 28
1532, 370, 2, 21
1533, 370, 37, 3
1534, 370, 16, 1
1535, 371, 43, 9
1536, 371, 7, 3
1537, 371, 8, 14
1538, 371, 17, 6
1539, 372, 46, 16
1540, 372, 53, 10
1541, 372, 5, 22
1542, 372, 37, 11
1543, 372, 21, 15
1544, 372, 29, 27
1545, 373, 5, 18
1546, 373, 20, 17
1547, 373, 20, 7
1548, 373, 58, 0
1549, 374, 7, 7
1550, 374, 52, 9
1551, 374, 57, 9
1552, 374, 16, 9
1553, 375, 45, 6
1554, 375, 60, 1
1555, 376, 60, 24
1556, 376, 27, 12
1557, 376, 59, 8
1558, 377, 19, 13
1559, 377, 8, 26
1560, 377, 18, 16
1561, 377, 34, 18
1562, 377, 60, 27
1563, 378, 40, 28
1564, 378, 41, 3
1565, 378, 8, 7
1566, 378, 4, 29
1567, 378, 62, 22
1568, 378, 26, 14
1569, 379, 36, 15
1570, 379, 28, 10
1571, 379, 10, 8
1572, 379, 18, 21
1573, 379, 61, 15
1574, 379, 28, 21
1575, 380, 66, 21
1576, 380, 47, 26
1577, 381, 34, 3
1578, 381, 25, 13
1579, 381, 70, 14
1580, 381, 60, 18
1581, 381, 39, 25
1582, 382, 22, 1
1583, 382, 7, 1
1584, 382, 62, 17
1585, 383, 34, 14
1586, 383, 46, 15
1587, 383, 6, 0
1588, 383, 9, 8
1589, 383, 15, 2
1590, 383, 29, 11
1591, 384, 59, 19
1592, 384, 2, 10
1593, 384, 54, 24
1594, 384, 38, 6
1595, 384, 56, 7
1596, 384, 46, 11
1597, 384, 69, 22
1598, 385, 40, 13
1599, 385, 3, 1
1600, 385, 45, 23
1601, 385, 21, 17
1602, 386, 66, 13
1603, 386, 67, 3
1604, 386, 4, 5
1605, 387, 20, 16
1606, 387, 6, 18
1607, 387, 22, 6
1608, 387, 38, 23
1609, 387, 70, 29
1610, 387, 56, 3
1611, 388, 27, 4
1612, 388, 48, 19
1613, 388, 27, 8
1614, 388, 63, 7
1615, 388, 20, 16
1616, 389, 62, 10
1617, 389, 70, 5
1618, 389, 45, 19
1619, 389, 10, 15
1620, 389, 49, 21
1621, 390, 60, 3
1622, 390, 24, 19
1623, 390, 47, 17
1624, 390, 70, 24
1625, 390, 14, 17
1626, 390, 66, 21
1627, 391, 64, 18
1628, 391, 9, 14
1629, 391, 23, 22
1630, 391, 7, 15
1631, 391, 53, 16
1632, 391, 57, 24
1633, 391, 50, 10
1634, 392, 56, 18
1635, 392, 25, 16
1636, 393, 47, 6
1637, 393, 5, 5
1638, 393, 35, 6
1639, 393, 51, 0
1640, 393, 43, 17
1641, 393, 52, 27
1642, 393, 19, 13
1643, 394, 13, 0
1644, 395, 15, 17
1645, 395, 45, 7
1646, 395, 36, 8
1647, 395, 70, 28
1648, 396, 42, 17
1649, 397, 32, 2
1650, 397, 19, 19
1651, 397, 30, 2
1652, 397, 22, 10
1653, 397, 35, 3
1654, 398, 58, 0
1655, 398, 4, 11
1656, 398, 18, 14
1657, 398, 34, 21
1658, 399, 43, 0
1659, 399, 63, 22
1660, 399, 63, 15
1661, 399, 13, 20
1662, 399, 40, 6
1663, 399, 58, 15
1664, 400, 43, 13
1665, 400, 51, 2
1666, 400, 58, 20
1667, 401, 31, 29
1668, 402, 9, 18
1669, 402, 64, 17
1670, 402, 40, 4
1671, 402, 52, 17
1672, 402, 21, 7
1673, 402, 45, 9
1674, 402, 11, 14
1675, 403, 33, 0
1676, 403, 10, 8
1677, 403, 45, 12
1678, 404, 36, 18
1679, 404, 29, 6
1680, 404, 12, 14
1681, 404, 4, 15
1682, 405, 27, 3
1683, 405, 7, 14
1684, 405, 46, 29
1685, 405, 60, 28
1686, 406, 46, 19
1687, 406, 15, 9
1688, 406, 41, 25
1689, 406, 7, 1
1690, 406, 56, 9
1691, 406, 44, 9
1692, 406, 35, 15
1693, 407, 39, 23
1694, 407, 37, 29
1695, 407, 63, 1
1696, 407, 31, 14
1697, 407, 18, 18
1698, 408, 36, 22
1699, 408, 60, 22
1700, 408, 10, 17
1701, 408, 41, 21
1702, 409, 31, 20
1703, 409, 37, 19
1704, 409, 43, 2
1705, 409, 35, 0
1706, 410, 47, 5
1707, 410, 25, 9
1708, 410, 69, 7
1709, 410, 30, 0
1710, 410, 47, 14
1711, 411, 31, 29
1712, 411, 34, 15
1713, 411, 31, 16
1714, 411, 66, 25
1715, 411, 4, 8
1716, 412, 68, 11
1717, 412, 22, 13
1718, 412, 49, 4
1719, 412, 15, 26
1720, 412, 32, 28
1721, 412, 56, 13
1722, 412, 66, 27
1723, 413, 8, 8
1724, 413, 29, 11
1725, 413, 30, 8
1726, 413, 62, 16
1727, 414, 41, 17
1728, 414, 56, 26
1729, 415, 13, 21
1730, 415, 47, 0
1731, 415, 47, 12
1732, 415, 43, 7
1733, 416, 27, 7
1734, 416, 59, 25
1735, 416, 48, 10
1736, 416, 36, 15
1737, 416, 48, 9
1738, 416, 39, 19
1739, 416, 4, 4
1740, 417, 25, 1
1741, 418, 29, 28
1742, 418, 48, 10
1743, 418, 55, 4
1744, 418, 54, 29
1745, 418, 63, 3
1746, 418, 55, 9
1747, 419, 29, 11
1748, 419, 53, 26
1749, 419, 20, 1
1750, 420, 67, 25
1751, 420, 36, 27
1752, 420, 47, 12
1753, 420, 18, 7
1754, 420, 18, 5
1755, 420, 60, 3
1756, 420, 45, 5
1757, 421, 45, 1
1758, 421, 26, 5
1759, 422, 67, 15
1760, 422, 66, 24
1761, 422, 53, 2
1762, 423, 43, 4
1763, 423, 38, 13
1764, 423, 58, 23
1765, 424, 11, 14
1766, 425, 69, 26
1767, 425, 25, 4
1768, 426, 64, 15
1769, 426, 43, 21
1770, 426, 31, 9
1771, 426, 39, 21
1772, 427, 53, 27
1773, 427, 29, 27
1774, 427, 67, 4
1775, 428, 28, 7
1776, 428, 70, 14
1777, 428, 43, 12
1778, 428, 31, 4
1779, 428, 44, 14
1780, 429, 42, 12
1781, 430, 38, 2
1782, 430, 44, 9
1783, 430, 41, 11
1784, 430, 70, 18
1785, 431, 51, 12
1786, 431, 19, 1
1787, 431, 10, 18
1788, 432, 68, 13
1789, 432, 53, 9
1790, 432, 43, 3
1791, 432, 56, 28
1792, 433, 62, 12
1793, 433, 9, 22
1794, 433, 50, 7
1795, 433, 70, 4
1796, 433, 56, 15
1797, 434, 46, 16
1798, 434, 26, 1
1799, 435, 26, 10
1800, 436, 33, 29
1801, 437, 51, 12
1802, 437, 38, 17
1803, 437, 65, 7
1804, 437, 3, 11
1805, 437, 49, 22
1806, 438, 54, 4
1807, 438, 57, 21
1808, 439, 7, 29
1809, 439, 54, 25
1810, 439, 33, 2
1811, 439, 40, 28
1812, 439, 55, 28
1813, 440, 57, 0
1814, 440, 8, 19
1815, 440, 62, 3
1816, 440, 31, 27
1817, 441, 3, 25
1818, 441, 32, 25
1819, 441, 10, 24
1820, 441, 48, 2
1821, 442, 31, 21
1822, 442, 45, 7
1823, 442, 6, 9
1824, 442, 46, 5
1825, 442, 31, 11
1826, 442, 22, 19
1827, 442, 6, 2
1828, 443, 37, 15
1829, 443, 14, 28
1830, 443, 30, 16
1831, 443, 35, 29
1832, 444, 45, 18
1833, 444, 23, 13
1834, 444, 49, 25
1835, 444, 40, 23
1836, 444, 37, 10
1837, 444, 50, 27
1838, 445, 52, 25
1839, 445, 61, 20
1840, 446, 18, 11
1841, 446, 67, 14
1842, 446, 49, 22
1843, 446, 66, 12
1844, 446, 40, 12
1845, 446, 7, 25
1846, 447, 30, 14
1847, 447, 43, 5
1848, 447, 57, 13
1849, 448, 51, 21
1850, 448, 55, 24
1851, 448, 23, 24
1852, 448, 64, 5
1853, 449, 55, 11
1854, 449, 52, 28
1855, 449, 35, 19
1856, 449, 50, 26
1857, 450, 28, 14
1858, 450, 15, 28
1859, 450, 47, 15
1860, 450, 6, 5
1861, 450, 69, 7
1862, 450, 60, 1
1863, 450, 20, 16
1864, 451, 61, 3
1865, 451, 37, 2
1866, 451, 64, 9
1867, 451, 18, 8
1868, 451, 29, 11
1869, 452, 21, 0
1870, 452, 16, 15
1871, 452, 22, 0
1872, 453, 60, 20
1873, 453, 52, 28
1874, 453, 53, 10
1875, 453, 20, 24
1876, 453, 62, 15
1877, 453, 29, 3
1878, 453, 27, 14
1879, 454, 1, 9
1880, 454, 1, 2
1881, 454, 60, 0
1882, 454, 45, 16
1883, 454, 25, 10
1884, 455, 26, 4
1885, 455, 51, 25
1886, 455, 61, 18
1887, 455, 44, 14
1888, 455, 25, 5
1889, 455, 48, 0
1890, 456, 40, 13
1891, 457, 55, 17
1892, 458, 52, 1
1893, 458, 31, 10
1894, 458, 42, 19
1895, 458, 55, 26
1896, 458, 46, 2
1897, 458, 66, 27
1898, 459, 49, 4
1899, 459, 49, 18
1900, 459, 4, 4
1901, 460, 44, 12
1902, 461, 44, 24
1903, 461, 65, 21
1904, 461, 64, 22
1905, 461, 25, 10
1906, 461, 48, 17
1907, 461, 20, 9
1908, 462, 23, 23
1909, 463, 48, 23
1910, 463, 32, 14
1911, 464, 47, 27
1912, 464, 49, 9
1913, 464, 19, 10
1914, 465, 28, 26
1915, 465, 38, 9
1916, 465, 5, 15
1917, 465, 43, 29
1918, 465, 66, 29
1919, 466, 65, 28
1920, 467, 24, 11
1921, 467, 17, 3
1922, 467, 62, 24
1923, 468, 69, 19
1924, 468, 45, 14
1925, 468, 17, 22
1926, 468, 46, 23
1927, 468, 19, 29
1928, 468, 43, 16
1929, 469, 40, 5
1930, 469, 33, 4
1931, 469, 55, 19
1932, 469, 26, 27
1933, 469, 58, 9
1934, 470, 53, 20
1935, 470, 43, 18
1936, 471, 70, 9
1937, 472, 14, 17
1938, 472, 22, 2
1939, 472, 9, 21
1940, 472, 33, 9
1941, 473, 12, 24
1942, 473, 32, 26
1943, 473, 19, 28
1944, 473, 6, 5
1945, 473, 28, 7
1946, 473, 1, 19
1947, 473, 65, 13
1948, 474, 12, 7
1949, 474, 15, 18
1950, 474, 47, 5
1951, 474, 23, 20
1952, 474, 26, 22
1953, 474, 20, 29
1954, 475, 58, 22
1955, 475, 26, 12
1956, 475, 68, 10
1957, 475, 46, 24
1958, 475, 62, 14
1959, 475, 16, 7
1960, 476, 13, 11
1961, 476, 68, 24
1962, 476, 22, 15
1963, 476, 56, 10
1964, 476, 30, 0
1965, 476, 26, 11
1966, 476, 10, 18
1967, 477, 10, 12
1968, 478, 52, 15
1969, 478, 62, 1
1970, 478, 58, 0
1971, 478, 67, 25
1972, 478, 5, 17
1973, 479, 37, 12
1974, 479, 53, 4
1975, 479, 16, 0
1976, 479, 61, 19
1977, 479, 62, 5
1978, 480, 38, 4
1979, 480, 17, 7
1980, 480, 15, 11
1981, 480, 36, 11
1982, 480, 10, 28
1983, 480, 57, 23
1984, 480, 56, 13
1985, 481, 17, 17
1986, 481, 50, 11
1987, 481, 19, 8
1988, 481, 25, 20
1989, 481, 16, 0
1990, 481, 64, 11
1991, 481, 31, 29
1992, 482, 61, 15
1993, 482, 5, 23
1994, 482, 49, 27
1995, 483, 40, 17
1996, 483, 26, 18
1997, 483, 25, 3
1998, 484, 28, 21
1999, 484, 46, 26
2000, 484, 31, 29
2001, 484, 35, 20
2002, 484, 51, 8
2003, 485, 61, 20
2004, 485, 13, 16
2005, 485, 61, 16
2006, 485, 30, 1
2007, 485, 31, 14
2008, 485, 7, 9
2009, 486, 28, 18
2010, 486, 10, 12
2011, 486, 67, 12
2012, 486, 9, 19
2013, 486, 41, 12
2014, 486, 67, 28
2015, 486, 51, 15
2016, 487, 48, 13
2017, 488, 65, 18
2018, 488, 66, 10
2019, 488, 45, 14
2020, 488, 13, 2
2021, 488, 13, 3
2022, 488, 44, 11
2023, 489, 52, 8
2024, 489, 69, 11
2025, 489, 19, 25
2026, 489, 58, 29
2027, 490, 51, 3
2028, 490, 34, 9
2029, 491, 46, 2
2030, 491, 22, 11
2031, 491, 9, 12
2032, 491, 1, 2
2033, 491, 16, 7
2034, 491, 14, 21
2035, 492, 2, 29
2036, 493, 69, 3
2037, 494, 39, 4
2038, 494, 20, 22
2039, 494, 5, 17
2040, 495, 29, 17
2041, 496, 6, 5
2042, 496, 50, 14
2043, 496, 56, 6
2044, 496, 24, 9
2045, 496, 30, 29
2046, 496, 1, 20
2047, 496, 63, 0
2048, 497, 10, 3
2049, 497, 40, 15
2050, 498, 61, 20
2051, 498, 31, 18
2052, 498, 26, 27
2053, 498, 46, 21
2054, 499, 1, 6
2055, 499, 53, 0
2056, 499, 28, 0
2057, 500, 25, 19
2058, 500, 46, 27
2059, 500, 15, 20
2060, 500, 60, 27
2061, 500, 36, 25
2062, 500, 8, 12
2063, 500, 66, 17
2064, 501, 39, 11
2065, 501, 67, 1
2066, 501, 48, 26
2067, 501, 3, 8
2068, 501, 36, 2
2069, 501, 59, 24
2070, 502, 45, 14
2071, 502, 16, 10
2072, 502, 60, 17
2073, 502, 55, 8
2074, 502, 55, 11
2075, 502, 8, 13
2076, 503, 21, 23
2077, 503, 43, 15
2078, 503, 12, 6
2079, 504, 32, 27
2080, 504, 30, 20
2081, 504, 37, 1
2082, 504, 47, 14
2083, 504, 63, 7
2084, 504, 16, 12
2085, 504, 44, 3
2086, 505, 15, 18
2087, 505, 40, 14
2088, 506, 59, 21
2089, 507, 41, 9
2090, 507, 62, 24
2091, 507, 18, 28
2092, 508, 32, 14
2093, 508, 20, 14
2094, 509, 69, 28
2095, 509, 63, 28
2096, 509, 13, 15
2097, 509, 12, 12
2098, 509, 13, 24
2099, 509, 55, 1
2100, 510, 49, 29
2101, 510, 6, 20
2102, 511, 32, 21
2103, 511, 46, 1
2104, 511, 32, 8
2105, 511, 36, 13
2106, 511, 3, 23
2107, 512, 30, 28
2108, 512, 70, 21
2109, 512, 11, 4
2110, 512, 61, 18
2111, 512, 46, 22
2112, 513, 45, 10
2113, 514, 40, 6
2114, 515, 64, 3
2115, 515, 24, 7
2116, 515, 49, 0
2117, 515, 43, 13
2118, 515, 9, 10
2119, 516, 67, 18
2120, 516, 60, 0
2121, 516, 66, 27
2122, 516, 45, 3
2123, 516, 31, 21
2124, 517, 27, 9
2125, 517, 1, 9
2126, 517, 44, 24
2127, 517, 35, 19
2128, 517, 6, 26
2129, 517, 44, 15
2130, 517, 6, 7
2131, 518, 49, 24
2132, 518, 10, 15
2133, 518, 29, 25
2134, 519, 70, 26
2135, 519, 23, 2
2136, 519, 9, 25
2137, 520, 7, 0
2138, 521, 2, 2
2139, 522, 23, 25
2140, 522, 50, 4
2141, 522, 34, 14
2142, 522, 30, 17
2143, 522, 70, 24
2144, 522, 29, 19
2145, 522, 54, 16
2146, 523, 17, 16
2147, 523, 46, 21
2148, 523, 18, 11
2149, 524, 24, 13
2150, 524, 40, 27
2151, 524, 67, 22
2152, 524, 69, 9
2153, 524, 43, 18
2154, 524, 17, 14
2155, 524, 49, 7
2156, 525, 21, 8
2157, 525, 13, 3
2158, 525, 28, 13
2159, 525, 60, 8
2160, 526, 18, 9
2161, 526, 68, 22
2162, 526, 6, 8
2163, 526, 59, 29
2164, 526, 60, 5
2165, 526, 5, 23
2166, 526, 58, 20
2167, 527, 5, 0
2168, 527, 1, 5
2169, 527, 8, 5
2170, 527, 66, 5
2171, 527, 11, 6
2172, 527, 15, 7
2173, 528, 14, 6
2174, 528, 9, 27
2175, 529, 59, 16
2176, 529, 5, 20
2177, 529, 58, 18
2178, 530, 4, 21
2179, 530, 68, 15
2180, 530, 46, 2
2181, 530, 15, 14
2182, 530, 70, 6
2183, 530, 40, 0
2184, 531, 38, 4
2185, 531, 63, 17
2186, 531, 36, 25
2187, 531, 4, 5
2188, 531, 48, 24
2189, 531, 24, 14
2190, 532, 54, 7
2191, 532, 56, 8
2192, 533, 37, 19
2193, 533, 43, 22
2194, 533, 28, 20
2195, 533, 62, 25
2196, 533, 53, 15
2197, 533, 14, 16
2198, 533, 58, 16
2199, 534, 24, 8
2200, 534, 43, 9
2201, 534, 35, 7
2202, 535, 22, 11
2203, 535, 8, 17
2204, 535, 36, 0
2205, 536, 53, 15
2206, 536, 3, 4
2207, 536, 62, 11
2208, 536, 56, 1
2209, 536, 31, 16
2210, 536, 61, 19
2211, 536, 66, 26
2212, 537, 48, 27
2213, 537, 63, 8
2214, 537, 37, 19
2215, 537, 8, 28
2216, 537, 59, 22
2217, 537, 9, 28
2218, 537, 39, 25
2219, 538, 53, 12
2220, 538, 2, 29
2221, 538, 15, 22
2222, 538, 11, 21
2223, 538, 2, 8
2224, 538, 5, 1
2225, 538, 55, 15
2226, 539, 29, 4
2227, 539, 11, 13
2228, 539, 27, 6
2229, 540, 24, 13
2230, 540, 34, 22
2231, 540, 40, 6
2232, 540, 38, 2
2233, 540, 43, 25
2234, 541, 63, 15
2235, 541, 5, 11
2236, 541, 15, 14
2237, 541, 47, 27
2238, 541, 48, 22
2239, 541, 3, 18
2240, 541, 50, 10
2241, 542, 56, 4
2242, 542, 17, 13
2243, 542, 59, 29
2244, 542, 60, 18
2245, 543, 24, 8
2246, 543, 63, 5
2247, 543, 21, 13
2248, 543, 34, 7
2249, 543, 44, 2
2250, 544, 4, 3
2251, 544, 42, 22
2252, 544, 6, 11
2253, 545, 7, 19
2254, 545, 17, 8
2255, 545, 57, 25
2256, 546, 14, 29
2257, 546, 27, 1
2258, 546, 23, 17
2259, 546, 56, 28
2260, 546, 42, 7
2261, 546, 10, 17
2262, 546, 6, 0
2263, 547, 30, 9
2264, 547, 16, 6
2265, 548, 31, 12
2266, 548, 69, 24
2267, 548, 43, 27
2268, 548, 48, 7
2269, 548, 55, 3
2270, 548, 59, 24
2271, 548, 13, 23
2272, 549, 68, 9
2273, 549, 42, 1
2274, 549, 49, 15
2275, 550, 31, 22
2276, 550, 59, 23
2277, 550, 28, 23
2278, 550, 12, 10
2279, 550, 62, 8
2280, 550, 58, 1
2281, 551, 9, 21
2282, 551, 58, 28
2283, 551, 44, 28
2284, 552, 1, 19
2285, 552, 40, 29
2286, 552, 8, 15
2287, 553, 44, 2
2288, 553, 26, 23
2289, 553, 11, 18
2290, 553, 29, 24
2291, 553, 39, 6
2292, 553, 56, 14
2293, 553, 45, 12
2294, 554, 56, 5
2295, 554, 20, 0
2296, 554, 36, 9
2297, 554, 50, 16
2298, 555, 65, 27
2299, 555, 46, 11
2300, 555, 50, 27
2301, 555, 37, 9
2302, 556, 26, 4
2303, 557, 10, 24
2304, 557, 18, 21
2305, 557, 67, 26
2306, 557, 1, 22
2307, 558, 48, 16
2308, 558, 68, 25
2309, 558, 69, 13
2310, 558, 11, 19
2311, 558, 53, 0
2312, 558, 11, 15
2313, 559, 16, 21
2314, 559, 52, 17
2315, 559, 53, 26
2316, 559, 4, 5
2317, 559, 65, 10
2318, 559, 40, 8
2319, 560, 29, 5
2320, 560, 60, 29
2321, 561, 62, 16
2322, 561, 35, 19
2323, 561, 23, 17
2324, 561, 42, 0
2325, 561, 1, 12
2326, 561, 42, 3
2327, 561, 63, 17
2328, 562, 7, 6
2329, 562, 53, 25
2330, 562, 28, 28
2331, 562, 34, 5
2332, 562, 52, 15
2333, 562, 8, 11
2334, 563, 43, 6
2335, 563, 68, 16
2336, 563, 7, 28
2337, 563, 50, 27
2338, 563, 10, 21
2339, 563, 47, 15
2340, 564, 43, 13
2341, 564, 67, 10
2342, 565, 23, 20
2343, 565, 7, 17
2344, 566, 34, 26
2345, 566, 50, 7
2346, 566, 40, 10
2347, 566, 4, 20
2348, 566, 3, 3
2349, 566, 22, 10
2350, 567, 7, 12
2351, 567, 12, 18
2352, 567, 7, 4
2353, 567, 23, 2
2354, 567, 70, 14
2355, 567, 1, 28
2356, 567, 37, 13
2357, 568, 27, 16
2358, 569, 62, 0
2359, 569, 37, 27
2360, 570, 59, 4
2361, 571, 23, 28
2362, 571, 28, 11
2363, 571, 7, 25
2364, 572, 60, 29
2365, 572, 4, 28
2366, 573, 25, 1
2367, 573, 51, 29
2368, 573, 20, 6
2369, 573, 17, 4
2370, 574, 49, 1
2371, 575, 20, 29
2372, 575, 3, 11
2373, 576, 67, 28
2374, 576, 44, 21
2375, 576, 20, 11
2376, 576, 50, 17
2377, 576, 15, 0
2378, 577, 65, 21
2379, 577, 36, 29
2380, 577, 4, 3
2381, 578, 47, 18
2382, 579, 65, 14
2383, 579, 42, 19
2384, 579, 17, 11
2385, 580, 65, 13
2386, 580, 47, 14
2387, 580, 16, 19
2388, 580, 1, 6
2389, 580, 18, 5
2390, 580, 42, 29
2391, 581, 67, 1
2392, 581, 42, 18
2393, 581, 52, 29
2394, 581, 54, 17
2395, 581, 38, 28
2396, 581, 54, 8
2397, 581, 43, 4
2398, 582, 37, 3
2399, 582, 55, 21
2400, 582, 17, 29
2401, 583, 9, 7
2402, 583, 14, 10
2403, 584, 16, 3
2404, 584, 51, 4
2405, 585, 18, 29
2406, 585, 14, 24
2407, 585, 46, 1
2408, 585, 70, 0
2409, 585, 35, 1
2410, 585, 26, 18
2411, 586, 59, 1
2412, 586, 19, 11
2413, 586, 11, 12
2414, 586, 47, 0
2415, 586, 33, 3
2416, 586, 31, 24
2417, 586, 24, 29
2418, 587, 62, 17
2419, 587, 41, 6
2420, 587, 28, 12
2421, 587, 23, 11
2422, 587, 50, 11
2423, 587, 46, 26
2424, 588, 35, 21
2425, 588, 34, 11
2426, 588, 15, 10
2427, 588, 36, 8
2428, 588, 13, 1
2429, 588, 1, 29
2430, 588, 11, 17
2431, 589, 65, 5
2432, 589, 51, 22
2433, 589, 63, 24
2434, 589, 47, 27
2435, 590, 65, 8
2436, 590, 30, 28
2437, 590, 12, 23
2438, 590, 35, 11
2439, 590, 57, 7
2440, 591, 33, 5
2441, 591, 41, 2
2442, 591, 46, 3
2443, 591, 32, 21
2444, 592, 20, 17
2445, 592, 17, 20
2446, 592, 47, 23
2447, 592, 45, 14
2448, 592, 40, 5
2449, 593, 40, 6
2450, 593, 25, 28
2451, 593, 70, 9
2452, 593, 1, 22
2453, 593, 63, 14
2454, 593, 1, 18
2455, 593, 63, 16
2456, 594, 8, 20
2457, 594, 25, 16
2458, 594, 5, 24
2459, 595, 69, 5
2460, 595, 2, 14
2461, 595, 9, 17
2462, 595, 9, 26
2463, 596, 10, 15
2464, 596, 33, 3
2465, 596, 26, 26
2466, 597, 44, 16
2467, 597, 17, 13
2468, 597, 54, 23
2469, 597, 3, 4
2470, 598, 62, 17
2471, 599, 20, 16
2472, 600, 44, 28
2473, 600, 30, 8
2474, 600, 20, 5
2475, 600, 64, 25
2476, 601, 28, 20
2477, 602, 54, 17
2478, 603, 29, 23
2479, 603, 70, 29
2480, 603, 28, 23
2481, 603, 55, 16
2482, 604, 17, 1
2483, 604, 62, 0
2484, 604, 68, 19
2485, 604, 56, 23
2486, 604, 47, 20
2487, 605, 65, 9
2488, 605, 42, 17
2489, 605, 11, 26
2490, 605, 33, 21
2491, 606, 3, 9
2492, 606, 7, 10
2493, 606, 30, 15
2494, 606, 27, 27
2495, 606, 41, 23
2496, 606, 5, 29
2497, 606, 63, 15
2498, 607, 19, 9
2499, 607, 9, 0
2500, 607, 51, 2
2501, 607, 66, 11
2502, 607, 68, 18
2503, 607, 31, 22
2504, 607, 32, 24
2505, 608, 60, 6
2506, 608, 34, 7
2507, 608, 16, 20
2508, 608, 39, 3
2509, 608, 36, 19
2510, 608, 33, 10
2511, 609, 26, 10
2512, 609, 7, 18
2513, 609, 11, 21
2514, 610, 28, 26
2515, 610, 26, 24
2516, 610, 62, 10
2517, 610, 13, 29
2518, 611, 1, 17
2519, 611, 51, 26
2520, 612, 41, 6
2521, 612, 52, 15
2522, 612, 56, 14
2523, 612, 30, 25
2524, 613, 17, 8
2525, 613, 48, 23
2526, 613, 53, 19
2527, 613, 7, 16
2528, 613, 21, 14
2529, 614, 41, 14
2530, 614, 32, 4
2531, 614, 23, 20
2532, 614, 62, 27
2533, 614, 31, 18
2534, 614, 33, 14
2535, 615, 12, 9
2536, 615, 16, 10
2537, 615, 60, 10
2538, 615, 22, 13
2539, 615, 3, 13
2540, 615, 46, 27
2541, 615, 11, 23
2542, 616, 28, 2
2543, 616, 66, 19
2544, 616, 45, 13
2545, 616, 34, 8
2546, 616, 9, 22
2547, 617, 1, 3
2548, 617, 48, 5
2549, 617, 24, 12
2550, 617, 15, 26
2551, 617, 50, 12
2552, 617, 69, 10
2553, 618, 31, 15
2554, 618, 1, 16
2555, 618, 29, 18
2556, 619, 66, 29
2557, 619, 23, 23
2558, 619, 10, 2
2559, 619, 9, 2
2560, 620, 16, 14
2561, 620, 30, 10
2562, 620, 51, 2
2563, 620, 41, 5
2564, 620, 64, 16
2565, 620, 34, 13
2566, 621, 49, 27
2567, 621, 69, 22
2568, 621, 29, 22
2569, 621, 22, 23
2570, 621, 3, 26
2571, 622, 23, 19
2572, 622, 25, 17
2573, 623, 24, 17
2574, 623, 2, 29
2575, 623, 50, 12
2576, 623, 41, 24
2577, 623, 29, 22
2578, 623, 22, 23
2579, 624, 29, 14
2580, 624, 42, 19
2581, 624, 31, 8
2582, 624, 60, 0
2583, 624, 21, 9
2584, 624, 70, 8
2585, 624, 50, 22
2586, 625, 59, 28
2587, 625, 20, 5
2588, 625, 32, 1
2589, 626, 32, 10
2590, 626, 63, 7
2591, 626, 16, 29
2592, 627, 25, 15
2593, 628, 22, 10
2594, 629, 31, 25
2595, 630, 64, 17
2596, 630, 49, 10
2597, 630, 34, 4
2598, 630, 44, 17
2599, 631, 67, 8
2600, 631, 7, 2
2601, 631, 38, 17
2602, 631, 24, 4
2603, 632, 9, 17
2604, 632, 47, 24
2605, 632, 11, 24
2606, 632, 12, 18
2607, 633, 14, 5
2608, 633, 18, 6
2609, 633, 58, 7
2610, 633, 61, 6
2611, 633, 41, 27
2612, 633, 48, 26
2613, 634, 68, 25
2614, 634, 27, 5
2615, 634, 69, 26
2616, 634, 46, 16
2617, 635, 64, 1
2618, 635, 26, 16
2619, 635, 64, 0
2620, 635, 63, 18
2621, 635, 4, 25
2622, 635, 8, 15
2623, 636, 51, 7
2624, 636, 55, 25
2625, 636, 9, 9
2626, 636, 5, 9
2627, 637, 3, 3
2628, 637, 57, 23
2629, 637, 68, 18
2630, 637, 48, 3
2631, 637, 70, 9
2632, 637, 55, 10
2633, 637, 37, 7
2634, 638, 19, 4
2635, 638, 29, 3
2636, 638, 46, 24
2637, 638, 62, 7
2638, 639, 10, 21
2639, 639, 63, 16
2640, 639, 31, 14
2641, 639, 1, 18
2642, 640, 62, 2
2643, 640, 51, 19
2644, 640, 40, 5
2645, 640, 47, 2
2646, 640, 55, 5
2647, 641, 59, 5
2648, 641, 44, 25
2649, 641, 45, 22
2650, 641, 58, 8
2651, 641, 16, 2
2652, 642, 59, 7
2653, 643, 67, 12
2654, 644, 22, 17
2655, 644, 7, 11
2656, 644, 32, 28
2657, 644, 6, 17
2658, 645, 12, 17
2659, 645, 43, 9
2660, 645, 35, 25
2661, 646, 47, 3
2662, 646, 29, 15
2663, 647, 47, 3
2664, 647, 4, 16
2665, 647, 32, 28
2666, 647, 23, 10
2667, 647, 6, 14
2668, 648, 35, 19
2669, 649, 14, 18
2670, 649, 65, 17
2671, 649, 33, 12
2672, 649, 31, 21
2673, 649, 51, 21
2674, 650, 38, 5
2675, 650, 31, 26
2676, 650, 58, 7
2677, 650, 56, 17
2678, 650, 49, 11
2679, 650, 52, 0
2680, 651, 17, 0
2681, 651, 26, 1
2682, 651, 15, 17
2683, 651, 35, 5
2684, 651, 46, 17
2685, 651, 20, 25
2686, 651, 15, 0
2687, 652, 28, 19
2688, 653, 66, 5
2689, 653, 25, 20
2690, 653, 19, 16
2691, 653, 16, 19
2692, 653, 65, 7
2693, 653, 38, 23
2694, 653, 22, 28
2695, 654, 13, 3
2696, 654, 70, 24
2697, 655, 70, 12
2698, 655, 20, 19
2699, 655, 27, 18
2700, 655, 25, 5
2701, 655, 49, 4
2702, 655, 33, 29
2703, 656, 52, 18
2704, 656, 23, 17
2705, 656, 7, 2
2706, 656, 8, 21
2707, 657, 23, 0
2708, 657, 10, 21
2709, 657, 54, 4
2710, 657, 31, 5
2711, 657, 37, 15
2712, 657, 17, 27
2713, 658, 53, 16
2714, 658, 69, 18
2715, 658, 63, 26
2716, 658, 17, 24
2717, 659, 32, 2
2718, 659, 6, 5
2719, 659, 64, 10
2720, 659, 57, 25
2721, 659, 43, 7
2722, 659, 53, 24
2723, 659, 27, 7
2724, 660, 69, 20
2725, 660, 31, 14
2726, 660, 23, 6
2727, 660, 13, 25
2728, 660, 49, 14
2729, 660, 45, 3
2730, 661, 35, 27
2731, 661, 1, 17
2732, 661, 51, 12
2733, 661, 65, 15
2734, 661, 68, 29
2735, 661, 11, 20
2736, 661, 62, 5
2737, 662, 38, 14
2738, 662, 2, 25
2739, 662, 39, 12
2740, 662, 58, 20
2741, 662, 59, 5
2742, 662, 40, 9
2743, 662, 17, 20
2744, 663, 62, 8
2745, 663, 29, 15
2746, 663, 9, 8
2747, 663, 12, 15
2748, 664, 48, 29
2749, 665, 33, 22
2750, 665, 34, 5
2751, 666, 39, 11
2752, 666, 28, 16
2753, 666, 62, 17
2754, 666, 18, 6
2755, 667, 63, 15
2756, 667, 66, 27
2757, 668, 61, 17
2758, 668, 48, 10
2759, 668, 23, 20
2760, 668, 51, 2
2761, 669, 33, 12
2762, 669, 20, 0
2763, 670, 62, 5
2764, 670, 15, 2
2765, 670, 61, 16
2766, 670, 1, 14
2767, 670, 18, 6
2768, 670, 30, 15
2769, 671, 1, 0
2770, 671, 31, 9
2771, 671, 34, 6
2772, 672, 6, 23
2773, 672, 1, 5
2774, 672, 33, 0
2775, 672, 42, 10
2776, 673, 36, 14
2777, 673, 7, 2
2778, 673, 45, 9
2779, 673, 32, 4
2780, 673, 41, 5
2781, 673, 18, 20
2782, 673, 20, 26
2783, 674, 42, 15
2784, 674, 57, 3
2785, 674, 47, 19
2786, 674, 41, 23
2787, 674, 52, 5
2788, 675, 48, 16
2789, 676, 61, 26
2790, 677, 69, 22
2791, 677, 1, 2
2792, 677, 68, 21
2793, 677, 28, 27
2794, 677, 22, 17
2795, 677, 22, 25
2796, 677, 67, 6
2797, 678, 69, 6
2798, 678, 68, 20
2799, 678, 61, 15
2800, 678, 31, 9
2801, 679, 42, 2
2802, 680, 2, 2
2803, 680, 51, 9
2804, 680, 35, 23
2805, 680, 31, 27
2806, 680, 46, 28
2807, 680, 41, 24
2808, 681, 45, 25
2809, 681, 36, 16
2810, 681, 38, 2
2811, 681, 70, 19
2812, 682, 49, 15
2813, 682, 19, 12
2814, 682, 39, 12
2815, 683, 42, 1
2816, 683, 51, 7
2817, 683, 57, 5
2818, 683, 21, 11
2819, 683, 19, 23
2820, 684, 38, 23
2821, 684, 43, 15
2822, 684, 39, 5
2823, 684, 42, 26
2824, 685, 37, 4
2825, 685, 26, 24
2826, 685, 31, 7
2827, 685, 40, 8
2828, 685, 63, 6
2829, 685, 7, 6
2830, 686, 68, 1
2831, 687, 43, 2
2832, 687, 16, 26
2833, 687, 65, 9
2834, 688, 49, 17
2835, 688, 25, 8
2836, 688, 9, 18
2837, 688, 62, 11
2838, 688, 33, 29
2839, 689, 34, 0
2840, 689, 29, 21
2841, 689, 41, 11
2842, 690, 57, 4
2843, 691, 9, 21
2844, 691, 28, 19
2845, 692, 57, 12
2846, 692, 31, 4
2847, 692, 62, 27
2848, 692, 22, 20
2849, 692, 25, 9
2850, 692, 37, 9
2851, 693, 10, 29
2852, 693, 29, 15
2853, 694, 40, 9
2854, 694, 40, 29
2855, 694, 59, 23
2856, 694, 15, 2
2857, 694, 70, 2
2858, 695, 47, 0
2859, 695, 17, 23
2860, 695, 22, 23
2861, 695, 68, 15
2862, 695, 39, 27
2863, 696, 43, 2
2864, 696, 34, 16
2865, 696, 47, 18
2866, 696, 39, 8
2867, 696, 14, 19
2868, 697, 57, 28
2869, 697, 48, 26
2870, 697, 40, 13
2871, 697, 38, 5
2872, 698, 11, 28
2873, 698, 10, 6
2874, 698, 16, 11
2875, 698, 13, 0
2876, 699, 41, 24
2877, 699, 27, 19
2878, 699, 11, 12
2879, 699, 7, 22
2880, 699, 12, 28
2881, 699, 26, 20
2882, 700, 9, 2
2883, 700, 5, 22
2884, 700, 57, 23
2885, 700, 69, 4
2886, 700, 60, 11
2887, 701, 44, 3
2888, 701, 17, 15
2889, 701, 10, 4
2890, 701, 54, 14
2891, 701, 70, 17
2892, 702, 10, 12
2893, 702, 46, 21
2894, 702, 40, 0
2895, 702, 64, 24
2896, 703, 12, 2
2897, 703, 61, 7
2898, 703, 67, 4
2899, 704, 34, 23
2900, 704, 2, 29
2901, 704, 21, 0
2902, 704, 13, 23
2903, 704, 52, 6
2904, 705, 5, 13
2905, 705, 27, 12
2906, 705, 37, 13
2907, 706, 14, 22
2908, 706, 61, 20
2909, 706, 36, 26
2910, 706, 61, 19
2911, 707, 66, 0
2912, 707, 59, 28
2913, 707, 18, 16
2914, 707, 50, 13
2915, 707, 60, 6
2916, 708, 43, 24
2917, 709, 7, 24
2918, 709, 30, 2
2919, 709, 30, 16
2920, 709, 1, 16
2921, 709, 15, 16
2922, 710, 29, 16
2923, 710, 51, 1
2924, 711, 67, 15
2925, 711, 6, 18
2926, 711, 50, 9
2927, 711, 36, 26
2928, 711, 43, 14
2929, 712, 23, 26
2930, 712, 64, 10
2931, 712, 15, 25
2932, 712, 42, 16
2933, 712, 34, 25
2934, 713, 69, 4
2935, 713, 12, 10
2936, 714, 59, 22
2937, 714, 60, 9
2938, 714, 19, 25
2939, 714, 33, 26
2940, 714, 17, 13
2941, 715, 57, 7
2942, 715, 27, 16
2943, 715, 57, 26
2944, 715, 64, 29
2945, 716, 52, 8
2946, 716, 64, 8
2947, 716, 43, 12
2948, 716, 1, 6
2949, 716, 2, 3
2950, 716, 48, 7
2951, 717, 56, 21
2952, 718, 7, 21
2953, 718, 52, 19
2954, 718, 25, 2
2955, 719, 50, 13
2956, 719, 48, 12
2957, 719, 10, 21
2958, 719, 54, 25
2959, 719, 15, 24
2960, 719, 34, 1
2961, 720, 46, 6
2962, 720, 36, 23
2963, 720, 40, 1
2964, 720, 61, 11
2965, 720, 55, 29
2966, 720, 30, 4
2967, 720, 40, 14
2968, 721, 5, 21
2969, 722, 55, 1
2970, 722, 33, 15
2971, 722, 20, 25
2972, 722, 3, 14
2973, 722, 22, 19
2974, 722, 61, 25
2975, 722, 33, 20
2976, 723, 41, 23
2977, 723, 14, 13
2978, 724, 20, 0
2979, 725, 32, 23
2980, 725, 53, 8
2981, 726, 50, 13
2982, 726, 67, 11
2983, 726, 6, 24
2984, 726, 41, 21
2985, 726, 35, 1
2986, 727, 47, 9
2987, 727, 5, 20
2988, 727, 17, 1
2989, 727, 17, 29
2990, 727, 50, 16
2991, 728, 70, 13
2992, 728, 14, 8
2993, 728, 43, 2
2994, 728, 31, 12
2995, 729, 48, 22
2996, 729, 26, 18
2997, 729, 2, 18
2998, 729, 5, 28
2999, 729, 50, 8
3000, 730, 44, 29
3001, 730, 46, 22
3002, 731, 47, 17
3003, 731, 25, 6
3004, 731, 39, 6
3005, 731, 64, 18
3006, 731, 7, 4
3007, 731, 57, 0
3008, 732, 61, 1
3009, 732, 13, 7
3010, 732, 9, 28
3011, 732, 7, 0
3012, 732, 10, 16
3013, 733, 51, 8
3014, 733, 1, 23
3015, 733, 24, 15
3016, 733, 51, 8
3017, 734, 42, 7
3018, 734, 32, 0
3019, 734, 61, 28
3020, 734, 63, 25
3021, 734, 1, 11
3022, 735, 33, 21
3023, 735, 1, 15
3024, 735, 45, 29
3025, 735, 69, 7
3026, 736, 34, 25
3027, 737, 70, 24
3028, 737, 27, 23
3029, 737, 15, 27
3030, 738, 44, 10
3031, 738, 68, 13
3032, 739, 28, 25
3033, 739, 68, 7
3034, 740, 23, 21
3035, 740, 69, 15
3036, 741, 8, 14
3037, 741, 52, 24
3038, 741, 44, 7
3039, 741, 12, 10
3040, 741, 6, 20
3041, 741, 34, 4
3042, 741, 64, 1
3043, 742, 11, 7
3044, 742, 17, 20
3045, 742, 11, 2
3046, 743, 26, 22
3047, 743, 30, 12
3048, 744, 53, 4
3049, 745, 1, 8
3050, 745, 60, 21
3051, 745, 66, 27
3052, 745, 36, 14
3053, 745, 4, 24
3054, 745, 49, 11
3055, 746, 55, 18
3056, 746, 31, 16
3057, 746, 41, 12
3058, 746, 13, 3
3059, 747, 26, 28
3060, 747, 45, 8
3061, 747, 37, 0
3062, 747, 28, 7
3063, 747, 45, 21
3064, 747, 70, 1
3065, 747, 32, 14
3066, 748, 61, 4
3067, 748, 37, 0
3068, 749, 41, 27
3069, 749, 61, 9
3070, 749, 63, 13
3071, 749, 1, 12
3072, 749, 39, 0
3073, 749, 18, 10
3074, 749, 36, 21
3075, 750, 70, 14
3076, 751, 11, 20
3077, 751, 69, 12
3078, 752, 62, 16
3079, 752, 34, 8
3080, 753, 48, 26
3081, 754, 33, 24
3082, 754, 30, 6
3083, 754, 18, 17
3084, 754, 28, 24
3085, 755, 33, 21
3086, 755, 52, 22
3087, 756, 14, 18
3088, 756, 20, 23
3089, 757, 44, 15
3090, 757, 32, 26
3091, 757, 28, 23
3092, 757, 40, 20
3093, 757, 29, 29
3094, 757, 46, 21
3095, 757, 58, 25
3096, 758, 61, 26
3097, 758, 40, 1
3098, 759, 41, 26
3099, 759, 65, 28
3100, 759, 62, 2
3101, 760, 13, 7
3102, 760, 45, 17
3103, 760, 35, 8
3104, 761, 32, 13
3105, 761, 24, 22
3106, 761, 50, 19
3107, 761, 32, 22
3108, 762, 16, 2
3109, 762, 66, 29
3110, 763, 28, 13
3111, 763, 21, 25
3112, 763, 63, 14
3113, 763, 35, 9
3114, 764, 3, 29
3115, 764, 48, 16
3116, 764, 24, 29
3117, 764, 12, 7
3118, 764, 65, 27
3119, 764, 3, 9
3120, 764, 10, 14
3121, 765, 54, 25
3122, 765, 53, 3
3123, 765, 53, 13
3124, 765, 13, 6
3125, 765, 7, 20
3126, 765, 53, 7
3127, 765, 66, 6
3128, 766, 21, 29
3129, 766, 43, 5
3130, 766, 48, 5
3131, 766, 25, 29
3132, 767, 51, 12
3133, 768, 5, 19
3134, 768, 5, 26
3135, 768, 66, 6
3136, 768, 8, 7
3137, 768, 64, 29
3138, 769, 42, 5
3139, 769, 21, 21
3140, 769, 30, 9
3141, 769, 49, 28
3142, 770, 20, 22
3143, 770, 42, 29
3144, 770, 21, 17
3145, 771, 7, 19
3146, 771, 53, 3
3147, 771, 16, 13
3148, 771, 21, 28
3149, 771, 57, 8
3150, 772, 5, 2
3151, 773, 13, 16
3152, 773, 67, 28
3153, 773, 13, 17
3154, 774, 59, 25
3155, 775, 63, 8
3156, 775, 37, 23
3157, 775, 58, 5
3158, 775, 36, 29
3159, 775, 2, 25
3160, 776, 70, 11
3161, 776, 30, 15
3162, 776, 60, 2
3163, 776, 68, 29
3164, 776, 65, 1
3165, 776, 61, 14
3166, 776, 56, 8
3167, 777, 34, 12
3168, 778, 33, 8
3169, 778, 3, 23
3170, 778, 12, 9
3171, 778, 42, 4
3172, 778, 64, 29
3173, 778, 33, 0
3174, 778, 61, 24
3175, 779, 2, 20
3176, 779, 21, 13
3177, 779, 28, 16
3178, 779, 17, 2
3179, 779, 7, 22
3180, 780, 3, 16
3181, 780, 49, 1
3182, 780, 47, 22
3183, 781, 1, 4
3184, 781, 70, 9
3185, 781, 66, 2
3186, 781, 50, 5
3187, 781, 39, 22
3188, 781, 10, 29
3189, 781, 64, 22
3190, 782, 2, 3
3191, 782, 13, 22
3192, 782, 65, 10
3193, 782, 42, 15
3194, 782, 67, 7
3195, 782, 17, 4
3196, 782, 24, 13
3197, 783, 54, 12
3198, 783, 31, 12
3199, 783, 44, 11
3200, 784, 1, 24
3201, 784, 26, 1
3202, 784, 12, 14
3203, 784, 53, 22
3204, 784, 7, 8
3205, 784, 54, 9
3206, 784, 37, 6
3207, 785, 57, 7
3208, 785, 57, 24
3209, 785, 47, 9
3210, 785, 64, 0
3211, 785, 9, 29
3212, 786, 14, 13
3213, 786, 33, 10
3214, 786, 40, 28
3215, 786, 36, 26
3216, 786, 62, 21
3217, 786, 21, 0
3218, 787, 66, 15
3219, 787, 28, 27
3220, 788, 66, 27
3221, 788, 1, 4
3222, 788, 47, 24
3223, 788, 23, 25
3224, 789, 43, 26
3225, 789, 33, 13
3226, 790, 70, 3
3227, 790, 61, 21
3228, 790, 11, 0
3229, 790, 53, 28
3230, 791, 35, 26
3231, 791, 43, 18
3232, 792, 12, 20
3233, 792, 50, 9
3234, 792, 68, 29
3235, 792, 40, 27
3236, 792, 22, 14
3237, 793, 26, 24
3238, 793, 65, 22
3239, 793, 9, 20
3240, 794, 36, 19
3241, 794, 35, 14
3242, 794, 35, 20
3243, 794, 18, 21
3244, 794, 48, 29
3245, 794, 37, 21
3246, 795, 14, 18
3247, 796, 21, 22
3248, 796, 22, 26
3249, 796, 21, 25
3250, 796, 26, 1
3251, 796, 39, 18
3252, 796, 13, 2
3253, 797, 18, 21
3254, 797, 15, 20
3255, 797, 30, 16
3256, 798, 7, 22
3257, 798, 57, 23
3258, 798, 29, 14
3259, 798, 35, 5
3260, 799, 21, 2
3261, 799, 27, 22
3262, 799, 47, 15
3263, 799, 37, 7
3264, 800, 38, 19
3265, 801, 18, 27
3266, 801, 70, 27
3267, 801, 60, 13
3268, 801, 69, 24
3269, 801, 22, 0
3270, 801, 26, 25
3271, 802, 43, 13
3272, 802, 27, 18
3273, 802, 44, 25
3274, 802, 61, 0
3275, 802, 62, 18
3276, 802, 29, 6
3277, 803, 40, 18
3278, 803, 69, 8
3279, 803, 58, 27
3280, 803, 69, 24
3281, 803, 47, 26
3282, 804, 21, 17
3283, 804, 41, 5
3284, 804, 30, 26
3285, 804, 34, 16
3286, 804, 8, 2
3287, 805, 29, 19
3288, 805, 45, 15
3289, 806, 14, 24
3290, 807, 27, 15
3291, 808, 29, 11
3292, 808, 7, 5
3293, 808, 39, 18
3294, 808, 57, 5
3295, 809, 45, 15
3296, 809, 22, 12
3297, 809, 36, 28
3298, 809, 33, 16
3299, 810, 30, 17
3300, 810, 39, 10
3301, 810, 25, 6
3302, 810, 63, 16
3303, 810, 39, 17
3304, 811, 61, 3
3305, 811, 50, 15
3306, 811, 7, 2
3307, 811, 51, 18
3308, 811, 66, 24
3309, 811, 65, 0
3310, 811, 55, 25
3311, 812, 28, 26
3312, 812, 59, 1
3313, 812, 48, 3
3314, 813, 27, 7
3315, 813, 41, 14
3316, 813, 46, 4
3317, 813, 16, 17
3318, 813, 27, 12
3319, 814, 61, 11
3320, 814, 40, 10
3321, 814, 70, 15
3322, 815, 12, 0
3323, 815, 9, 9
3324, 815, 42, 9
3325, 815, 7, 4
3326, 815, 8, 0
3327, 816, 11, 13
3328, 816, 4, 17
3329, 817, 27, 20
3330, 817, 61, 8
3331, 818, 29, 3
3332, 818, 58, 3
3333, 818, 30, 19
3334, 818, 19, 13
3335, 818, 44, 1
3336, 818, 21, 16
3337, 818, 49, 7
3338, 819, 1, 13
3339, 819, 30, 1
3340, 820, 6, 26
3341, 821, 13, 23
3342, 821, 1, 17
3343, 821, 44, 6
3344, 821, 10, 21
3345, 821, 41, 18
3346, 821, 62, 22
3347, 821, 48, 21
3348, 822, 16, 16
3349, 822, 34, 21
3350, 822, 43, 25
3351, 822, 14, 12
3352, 822, 52, 3
3353, 823, 54, 10
3354, 823, 35, 3
3355, 823, 47, 7
3356, 823, 7, 25
3357, 823, 41, 5
3358, 824, 9, 24
3359, 825, 20, 21
3360, 825, 12, 5
3361, 825, 6, 0
3362, 825, 8, 13
3363, 825, 47, 26
3364, 826, 29, 3
3365, 826, 2, 15
3366, 826, 65, 11
3367, 826, 62, 10
3368, 826, 35, 0
3369, 826, 9, 19
3370, 826, 29, 19
3371, 827, 40, 15
3372, 827, 30, 0
3373, 827, 65, 19
3374, 827, 3, 11
3375, 828, 65, 29
3376, 828, 38, 14
3377, 828, 63, 14
3378, 828, 6, 26
3379, 828, 40, 3
3380, 828, 11, 12
3381, 828, 32, 22
3382, 829, 68, 22
3383, 829, 55, 5
3384, 830, 55, 9
3385, 830, 10, 26
3386, 830, 59, 17
3387, 830, 63, 21
3388, 830, 41, 3
3389, 830, 57, 15
3390, 830, 50, 25
3391, 831, 25, 21
3392, 831, 5, 29
3393, 831, 9, 0
3394, 831, 38, 17
3395, 831, 65, 0
3396, 832, 24, 21
3397, 832, 28, 22
3398, 833, 12, 0
3399, 833, 55, 8
3400, 833, 33, 14
3401, 833, 31, 3
3402, 833, 38, 28
3403, 833, 44, 14
3404, 834, 50, 8
3405, 834, 5, 29
3406, 834, 44, 19
3407, 835, 25, 28
3408, 835, 21, 7
3409, 835, 29, 20
3410, 835, 50, 0
3411, 835, 46, 11
3412, 835, 55, 25
3413, 836, 27, 8
3414, 836, 8, 21
3415, 836, 51, 4
3416, 836, 44, 26
3417, 836, 18, 27
3418, 836, 44, 1
3419, 837, 16, 22
3420, 837, 51, 9
3421, 838, 23, 6
3422, 838, 37, 10
3423, 838, 28, 24
3424, 838, 62, 17
3425, 839, 35, 29
3426, 839, 9, 15
3427, 840, 2, 17
3428, 840, 38, 2
3429, 840, 41, 15
3430, 840, 5, 15
3431, 840, 13, 22
3432, 841, 23, 3
3433, 841, 70, 4
3434, 842, 9, 21
3435, 842, 1, 21
3436, 842, 4, 14
3437, 843, 29, 3
3438, 843, 57, 16
3439, 844, 40, 0
3440, 844, 4, 0
3441, 845, 60, 19
3442, 845, 67, 14
3443, 846, 17, 8
3444, 846, 24, 7
3445, 846, 8, 20
3446, 846, 49, 16
3447, 846, 18, 9
3448, 846, 37, 17
3449, 846, 49, 18
3450, 847, 62, 16
3451, 847, 51, 18
3452, 848, 10, 10
3453, 849, 59, 28
3454, 849, 24, 25
3455, 849, 12, 23
3456, 849, 29, 7
3457, 850, 2, 22
3458, 850, 63, 3
3459, 850, 23, 11
3460, 851, 28, 23
3461, 851, 32, 16
3462, 851, 45, 2
3463, 851, 24, 14
3464, 851, 55, 3
3465, 852, 69, 26
3466, 852, 44, 1
3467, 852, 67, 4
3468, 852, 52, 8
3469, 852, 23, 2
3470, 852, 64, 15
3471, 853, 23, 4
3472, 853, 30, 26
3473, 853, 9, 6
3474, 853, 11, 14
3475, 853, 60, 21
3476, 853, 13, 24
3477, 854, 58, 0
3478, 854, 43, 29
3479, 855, 27, 1
3480, 855, 7, 12
3481, 855, 54, 0
3482, 855, 14, 28
3483, 855, 58, 8
3484, 855, 62, 21
3485, 855, 36, 21
3486, 856, 21, 10
3487, 857, 4, 9
3488, 857, 66, 15
3489, 857, 4, 4
3490, 857, 41, 4
3491, 857, 58, 17
3492, 857, 59, 0
3493, 857, 48, 13
3494, 858, 6, 10
3495, 858, 20, 3
3496, 858, 60, 29
3497, 859, 22, 26
3498, 859, 53, 7
3499, 860, 5, 13
3500, 860, 24, 19
3501, 861, 31, 27
3502, 861, 51, 26
3503, 862, 41, 20
3504, 862, 43, 4
3505, 862, 24, 9
3506, 863, 9, 16
3507, 863, 22, 27
3508, 863, 10, 28
3509, 863, 63, 19
3510, 863, 55, 28
3511, 863, 31, 20
3512, 864, 19, 11
3513, 864, 20, 19
3514, 864, 63, 27
3515, 864, 48, 23
3516, 865, 1, 4
3517, 866, 28, 17
3518, 866, 28, 15
3519, 866, 36, 10
3520, 866, 34, 4
3521, 866, 66, 5
3522, 866, 12, 10
3523, 866, 67, 0
3524, 867, 47, 5
3525, 867, 26, 26
3526, 867, 57, 26
3527, 867, 47, 26
3528, 867, 52, 1
3529, 868, 6, 18
3530, 868, 63, 18
3531, 869, 44, 2
3532, 869, 3, 24
3533, 869, 38, 11
3534, 869, 22, 26
3535, 869, 11, 9
3536, 869, 26, 10
3537, 870, 25, 2
3538, 870, 27, 23
3539, 870, 25, 18
3540, 870, 39, 6
3541, 871, 42, 27
3542, 871, 30, 12
3543, 871, 27, 24
3544, 871, 57, 18
3545, 871, 60, 21
3546, 872, 6, 5
3547, 872, 1, 28
3548, 872, 5, 16
3549, 872, 12, 16
3550, 872, 69, 16
3551, 872, 49, 7
3552, 872, 42, 18
3553, 873, 51, 23
3554, 873, 59, 21
3555, 873, 15, 9
3556, 873, 59, 13
3557, 873, 46, 21
3558, 874, 32, 1
3559, 874, 55, 3
3560, 874, 25, 8
3561, 874, 50, 12
3562, 874, 47, 0
3563, 874, 15, 14
3564, 874, 56, 4
3565, 875, 57, 1
3566, 875, 42, 28
3567, 875, 61, 21
3568, 875, 11, 26
3569, 875, 40, 18
3570, 876, 61, 27
3571, 876, 3, 26
3572, 876, 1, 19
3573, 876, 66, 29
3574, 877, 62, 1
3575, 877, 16, 14
3576, 877, 5, 20
3577, 877, 42, 13
3578, 877, 58, 8
3579, 877, 57, 2
3580, 878, 50, 18
3581, 879, 37, 12
3582, 879, 48, 2
3583, 879, 22, 20
3584, 879, 57, 0
3585, 880, 4, 22
3586, 880, 37, 24
3587, 880, 60, 11
3588, 880, 67, 17
3589, 880, 52, 14
3590, 880, 61, 29
3591, 881, 29, 27
3592, 881, 54, 7
3593, 881, 60, 25
3594, 882, 17, 21
3595, 882, 38, 27
3596, 882, 31, 29
3597, 882, 42, 28
3598, 882, 6, 14
3599, 882, 64, 2
3600, 882, 39, 11
3601, 883, 56, 12
3602, 883, 53, 2
3603, 884, 31, 4
3604, 884, 52, 19
3605, 884, 38, 2
3606, 885, 40, 6
3607, 885, 51, 18
3608, 885, 2, 18
3609, 885, 52, 24
3610, 886, 66, 20
3611, 886, 37, 28
3612, 886, 58, 29
3613, 886, 58, 21
3614, 887, 36, 18
3615, 887, 5, 23
3616, 887, 66, 26
3617, 887, 9, 0
3618, 887, 62, 24
3619, 887, 49, 15
3620, 888, 41, 12
3621, 888, 61, 29
3622, 889, 66, 1
3623, 889, 70, 15
3624, 889, 57, 19
3625, 889, 55, 10
3626, 889, 33, 29
3627, 890, 23, 17
3628, 890, 30, 1
3629, 890, 66, 25
3630, 891, 48, 6
3631, 892, 66, 0
3632, 892, 70, 20
3633, 892, 10, 1
3634, 892, 68, 22
3635, 892, 70, 12
3636, 892, 62, 17
3637, 893, 44, 24
3638, 893, 52, 8
3639, 893, 34, 6
3640, 893, 45, 29
3641, 893, 44, 13
3642, 894, 40, 3
3643, 894, 8, 27
3644, 894, 53, 1
3645, 894, 2, 2
3646, 895, 55, 3
3647, 895, 63, 22
3648, 896, 52, 7
3649, 897, 59, 28
3650, 897, 47, 21
3651, 897, 70, 27
3652, 898, 59, 8
3653, 898, 41, 7
3654, 898, 18, 28
3655, 898, 41, 1
3656, 899, 2, 6
3657, 899, 29, 16
3658, 899, 4, 13
3659, 899, 30, 0
3660, 899, 39, 2
3661, 899, 19, 25
3662, 899, 5, 29
3663, 900, 19, 27
3664, 900, 31, 24
3665, 900, 70, 10
3666, 900, 2, 1
3667, 900, 50, 14
3668, 900, 6, 25
3669, 900, 25, 16
3670, 901, 54, 5
3671, 901, 40, 23
3672, 902, 45, 10
3673, 902, 2, 9
3674, 902, 44, 0
3675, 902, 68, 23
3676, 902, 39, 6
3677, 903, 24, 8
3678, 903, 21, 7
3679, 904, 21, 0
3680, 904, 16, 13
3681, 904, 65, 4
3682, 904, 30, 8
3683, 904, 42, 7
3684, 904, 10, 14
3685, 904, 5, 17
3686, 905, 61, 18
3687, 905, 40, 7
3688, 905, 47, 15
3689, 905, 53, 16
3690, 905, 1, 22
3691, 905, 27, 21
3692, 905, 48, 19
3693, 906, 44, 8
3694, 906, 50, 14
3695, 907, 44, 10
3696, 907, 27, 1
3697, 907, 41, 3
3698, 907, 19, 11
3699, 907, 48, 19
3700, 907, 14, 26
3701, 908, 13, 2
3702, 908, 4, 23
3703, 909, 58, 11
3704, 909, 60, 0
3705, 909, 50, 11
3706, 909, 28, 7
3707, 909, 63, 27
3708, 910, 28, 6
3709, 911, 46, 8
3710, 911, 43, 24
3711, 911, 18, 16
3712, 911, 36, 28
3713, 911, 41, 1
3714, 912, 42, 29
3715, 912, 3, 6
3716, 912, 35, 0
3717, 913, 62, 25
3718, 913, 7, 8
3719, 913, 6, 4
3720, 913, 35, 5
3721, 913, 41, 8
3722, 913, 7, 20
3723, 913, 37, 16
3724, 914, 58, 8
3725, 914, 4, 9
3726, 914, 48, 13
3727, 914, 61, 4
3728, 914, 44, 13
3729, 914, 59, 23
3730, 915, 18, 1
3731, 915, 5, 23
3732, 916, 5, 9
3733, 916, 1, 3
3734, 917, 65, 5
3735, 917, 56, 3
3736, 918, 25, 27
3737, 919, 59, 26
3738, 919, 60, 5
3739, 919, 32, 27
3740, 919, 63, 27
3741, 919, 43, 17
3742, 919, 12, 21
3743, 919, 15, 20
3744, 920, 19, 7
3745, 920, 30, 11
3746, 920, 3, 16
3747, 920, 30, 21
3748, 920, 59, 12
3749, 920, 64, 22
3750, 921, 44, 1
3751, 921, 33, 12
3752, 921, 1, 12
3753, 922, 63, 12
3754, 922, 45, 15
3755, 923, 13, 21
3756, 923, 54, 14
3757, 923, 23, 18
3758, 924, 18, 7
3759, 924, 67, 22
3760, 924, 43, 21
3761, 925, 20, 19
3762, 925, 33, 9
3763, 925, 46, 12
3764, 925, 20, 0
3765, 926, 47, 24
3766, 926, 63, 26
3767, 926, 29, 6
3768, 926, 31, 19
3769, 926, 67, 8
3770, 927, 45, 9
3771, 927, 40, 4
3772, 927, 13, 10
3773, 928, 11, 10
3774, 928, 21, 12
3775, 928, 57, 19
3776, 928, 23, 21
3777, 928, 37, 18
3778, 928, 30, 23
3779, 929, 24, 15
3780, 929, 27, 0
3781, 929, 2, 17
3782, 929, 40, 17
3783, 929, 37, 21
3784, 929, 49, 0
3785, 930, 52, 4
3786, 930, 53, 11
3787, 931, 50, 23
3788, 931, 14, 10
3789, 931, 35, 11
3790, 931, 70, 15
3791, 931, 66, 16
3792, 931, 7, 6
3793, 931, 48, 1
3794, 932, 43, 6
3795, 932, 28, 22
3796, 932, 6, 1
3797, 932, 39, 8
3798, 933, 34, 13
3799, 933, 38, 5
3800, 934, 19, 22
3801, 934, 43, 20
3802, 934, 68, 19
3803, 935, 21, 18
3804, 935, 2, 21
3805, 935, 46, 10
3806, 935, 65, 24
3807, 935, 18, 7
3808, 935, 35, 27
3809, 935, 9, 16
3810, 936, 64, 1
3811, 936, 36, 15
3812, 936, 36, 7
3813, 936, 46, 27
3814, 936, 2, 19
3815, 936, 34, 8
3816, 936, 40, 25
3817, 937, 54, 21
3818, 937, 22, 5
3819, 937, 19, 1
3820, 937, 60, 9
3821, 937, 43, 3
3822, 938, 4, 24
3823, 938, 28, 24
3824, 938, 25, 1
3825, 938, 23, 23
3826, 938, 5, 3
3827, 938, 68, 20
3828, 939, 5, 1
3829, 940, 42, 13
3830, 940, 8, 21
3831, 940, 60, 18
3832, 940, 28, 24
3833, 940, 43, 26
3834, 940, 17, 19
3835, 941, 66, 28
3836, 942, 7, 25
3837, 942, 4, 7
3838, 942, 48, 4
3839, 943, 50, 14
3840, 943, 6, 6
3841, 943, 48, 3
3842, 943, 60, 4
3843, 943, 45, 7
3844, 943, 3, 10
3845, 943, 52, 21
3846, 944, 52, 5
3847, 944, 70, 24
3848, 944, 7, 14
3849, 944, 26, 28
3850, 944, 13, 3
3851, 944, 4, 23
3852, 945, 16, 9
3853, 945, 18, 17
3854, 945, 3, 27
3855, 945, 39, 8
3856, 945, 34, 23
3857, 946, 30, 12
3858, 946, 25, 24
3859, 946, 48, 26
3860, 946, 35, 12
3861, 946, 14, 17
3862, 946, 57, 16
3863, 946, 52, 10
3864, 947, 14, 16
3865, 947, 17, 3
3866, 948, 6, 12
3867, 948, 51, 29
3868, 948, 41, 10
3869, 949, 23, 6
3870, 950, 64, 0
3871, 950, 3, 1
3872, 950, 16, 9
3873, 950, 4, 15
3874, 951, 17, 20
3875, 951, 54, 4
3876, 951, 42, 29
3877, 951, 29, 21
3878, 951, 45, 26
3879, 951, 50, 11
3880, 952, 10, 27
3881, 952, 30, 12
3882, 952, 55, 28
3883, 952, 53, 0
3884, 952, 51, 26
3885, 952, 26, 17
3886, 953, 54, 0
3887, 953, 17, 20
3888, 954, 19, 12
3889, 954, 51, 23
3890, 954, 20, 1
3891, 954, 24, 18
3892, 954, 53, 3
3893, 955, 18, 6
3894, 955, 62, 10
3895, 955, 67, 23
3896, 955, 26, 3
3897, 955, 63, 17
3898, 955, 20, 10
3899, 956, 55, 20
3900, 957, 37, 4
3901, 957, 44, 10
3902, 957, 44, 4
3903, 958, 53, 1
3904, 958, 7, 20
3905, 958, 50, 3
3906, 958, 32, 26
3907, 959, 62, 12
3908, 959, 8, 18
3909, 960, 57, 29
3910, 960, 40, 3
3911, 960, 39, 28
3912, 960, 11, 22
3913, 961, 16, 10
3914, 961, 48, 2
3915, 961, 67, 27
3916, 962, 18, 10
3917, 962, 63, 24
3918, 962, 40, 25
3919, 962, 8, 17
3920, 962, 44, 24
3921, 962, 19, 22
3922, 962, 21, 0
3923, 963, 14, 14
3924, 964, 47, 7
3925, 964, 49, 4
3926, 964, 48, 7
3927, 964, 8, 12
3928, 964, 68, 29
3929, 965, 49, 18
3930, 965, 53, 5
3931, 965, 32, 29
3932, 966, 19, 25
3933, 967, 32, 11
3934, 968, 21, 15
3935, 968, 19, 2
3936, 968, 20, 21
3937, 968, 2, 18
3938, 968, 46, 25
3939, 969, 23, 21
3940, 970, 8, 29
3941, 971, 69, 21
3942, 972, 7, 3
3943, 972, 3, 7
3944, 972, 41, 13
3945, 972, 15, 6
3946, 972, 10, 18
3947, 973, 48, 12
3948, 973, 48, 25
3949, 973, 8, 27
3950, 974, 33, 9
3951, 974, 29, 13
3952, 974, 51, 29
3953, 974, 62, 10
3954, 974, 10, 7
3955, 974, 58, 25
3956, 975, 14, 24
3957, 975, 49, 12
3958, 976, 42, 5
3959, 976, 15, 17
3960, 976, 70, 21
3961, 976, 6, 11
3962, 976, 22, 26
3963, 977, 46, 14
3964, 977, 70, 7
3965, 977, 42, 17
3966, 978, 42, 19
3967, 978, 51, 3
3968, 978, 52, 16
3969, 978, 33, 4
3970, 979, 29, 7
3971, 979, 67, 17
3972, 979, 32, 29
3973, 979, 64, 4
3974, 979, 3, 14
3975, 979, 14, 3
3976, 980, 35, 28
3977, 980, 4, 26
3978, 981, 23, 24
3979, 982, 4, 14
3980, 982, 34, 22
3981, 982, 1, 23
3982, 982, 48, 11
3983, 982, 9, 20
3984, 983, 19, 4
3985, 983, 61, 4
3986, 984, 17, 24
3987, 984, 15, 29
3988, 984, 63, 12
3989, 984, 66, 12
3990, 984, 67, 11
3991, 985, 34, 20
3992, 985, 51, 6
3993, 986, 22, 12
3994, 986, 65, 17
3995, 986, 39, 19
3996, 986, 56, 27
3997, 986, 16, 29
3998, 986, 69, 16
3999, 987, 31, 20
4000, 987, 47, 11
4001, 987, 10, 10
4002, 987, 29, 21
4003, 987, 46, 21
4004, 987, 59, 11
4005, 987, 20, 21
4006, 988, 41, 3
4007, 989, 7, 15
4008, 989, 2, 8
4009, 990, 20, 13
4010, 990, 6, 15
4011, 990, 10, 7
4012, 990, 22, 16
4013, 990, 35, 4
4014, 990, 15, 5
4015, 991, 7, 3
4016, 991, 33, 4
4017, 991, 23, 21
4018, 992, 68, 10
4019, 993, 34, 7
4020, 993, 48, 26
4021, 993, 39, 10
4022, 993, 7, 0
4023, 993, 36, 7
4024, 993, 48, 22
4025, 994, 51, 11
4026, 995, 63, 11
4027, 995, 14, 4
4028, 995, 37, 11
4029, 995, 56, 5
4030, 995, 26, 11
4031, 995, 63, 12
4032, 995, 16, 16
4033, 996, 18, 21
4034, 997, 47, 7
4035, 997, 11, 8
4036, 997, 13, 22
4037, 997, 28, 29
4038, 997, 3, 10
4039, 997, 45, 18
4040, 997, 50, 22
4041, 998, 54, 16
4042, 998, 26, 11
4043, 998, 31, 17
4044, 998, 38, 17
4045, 998, 14, 16
4046, 998, 44, 26
4047, 998, 42, 0
4048, 999, 58, 17
4049, 999, 61, 22
4050, 999, 29, 17
4051, 999, 61, 14
4052, 999, 48, 22
4053, 999, 38, 7
4054, 1000, 12, 11
